0,LeverettFreshmanMale,LeverettFreshmanFemale,LeverettSophomoreMale,LeverettSophomoreFemale,LeverettJuniorMale,LeverettJuniorFemale,LeverettSeniorMale,LeverettSeniorFemale,KirklandFreshmanMale,KirklandFreshmanFemale,KirklandSophomoreMale,KirklandSophomoreFemale,KirklandJuniorMale,KirklandJuniorFemale,KirklandSeniorMale,KirklandSeniorFemale,CabotFreshmanMale,CabotFreshmanFemale,CabotSophomoreMale,CabotSophomoreFemale,CabotJuniorMale,CabotJuniorFemale,CabotSeniorMale,CabotSeniorFemale,LowellFreshmanMale,LowellFreshmanFemale,LowellSophomoreMale,LowellSophomoreFemale,LowellJuniorMale,LowellJuniorFemale,LowellSeniorMale,LowellSeniorFemale,AdamsFreshmanMale,AdamsFreshmanFemale,AdamsSophomoreMale,AdamsSophomoreFemale,AdamsJuniorMale,AdamsJuniorFemale,AdamsSeniorMale,AdamsSeniorFemale,DunsterFreshmanMale,DunsterFreshmanFemale,DunsterSophomoreMale,DunsterSophomoreFemale,DunsterJuniorMale,DunsterJuniorFemale,DunsterSeniorMale,DunsterSeniorFemale,MatherFreshmanMale,MatherFreshmanFemale,MatherSophomoreMale,MatherSophomoreFemale,MatherJuniorMale,MatherJuniorFemale,MatherSeniorMale,MatherSeniorFemale,WinthropFreshmanMale,WinthropFreshmanFemale,WinthropSophomoreMale,WinthropSophomoreFemale,WinthropJuniorMale,WinthropJuniorFemale,WinthropSeniorMale,WinthropSeniorFemale,PforzheimerFreshmanMale,PforzheimerFreshmanFemale,PforzheimerSophomoreMale,PforzheimerSophomoreFemale,PforzheimerJuniorMale,PforzheimerJuniorFemale,PforzheimerSeniorMale,PforzheimerSeniorFemale,CurrierFreshmanMale,CurrierFreshmanFemale,CurrierSophomoreMale,CurrierSophomoreFemale,CurrierJuniorMale,CurrierJuniorFemale,CurrierSeniorMale,CurrierSeniorFemale,QuincyFreshmanMale,QuincyFreshmanFemale,QuincySophomoreMale,QuincySophomoreFemale,QuincyJuniorMale,QuincyJuniorFemale,QuincySeniorMale,QuincySeniorFemale,EliotFreshmanMale,EliotFreshmanFemale,EliotSophomoreMale,EliotSophomoreFemale,EliotJuniorMale,EliotJuniorFemale,EliotSeniorMale,EliotSeniorFemale,WigglesworthFreshmanMale,WigglesworthFreshmanFemale,WigglesworthSophomoreMale,WigglesworthSophomoreFemale,WigglesworthJuniorMale,WigglesworthJuniorFemale,WigglesworthSeniorMale,WigglesworthSeniorFemale,HolworthyFreshmanMale,HolworthyFreshmanFemale,HolworthySophomoreMale,HolworthySophomoreFemale,HolworthyJuniorMale,HolworthyJuniorFemale,HolworthySeniorMale,HolworthySeniorFemale,ThayerFreshmanMale,ThayerFreshmanFemale,ThayerSophomoreMale,ThayerSophomoreFemale,ThayerJuniorMale,ThayerJuniorFemale,ThayerSeniorMale,ThayerSeniorFemale,WeldFreshmanMale,WeldFreshmanFemale,WeldSophomoreMale,WeldSophomoreFemale,WeldJuniorMale,WeldJuniorFemale,WeldSeniorMale,WeldSeniorFemale,MatthewsFreshmanMale,MatthewsFreshmanFemale,MatthewsSophomoreMale,MatthewsSophomoreFemale,MatthewsJuniorMale,MatthewsJuniorFemale,MatthewsSeniorMale,MatthewsSeniorFemale,HurlbutFreshmanMale,HurlbutFreshmanFemale,HurlbutSophomoreMale,HurlbutSophomoreFemale,HurlbutJuniorMale,HurlbutJuniorFemale,HurlbutSeniorMale,HurlbutSeniorFemale,ApleyFreshmanMale,ApleyFreshmanFemale,ApleySophomoreMale,ApleySophomoreFemale,ApleyJuniorMale,ApleyJuniorFemale,ApleySeniorMale,ApleySeniorFemale,PennypackerFreshmanMale,PennypackerFreshmanFemale,PennypackerSophomoreMale,PennypackerSophomoreFemale,PennypackerJuniorMale,PennypackerJuniorFemale,PennypackerSeniorMale,PennypackerSeniorFemale,HollisFreshmanMale,HollisFreshmanFemale,HollisSophomoreMale,HollisSophomoreFemale,HollisJuniorMale,HollisJuniorFemale,HollisSeniorMale,HollisSeniorFemale,LionelFreshmanMale,LionelFreshmanFemale,LionelSophomoreMale,LionelSophomoreFemale,LionelJuniorMale,LionelJuniorFemale,LionelSeniorMale,LionelSeniorFemale,Mass HallFreshmanMale,Mass HallFreshmanFemale,Mass HallSophomoreMale,Mass HallSophomoreFemale,Mass HallJuniorMale,Mass HallJuniorFemale,Mass HallSeniorMale,Mass HallSeniorFemale,GraysFreshmanMale,GraysFreshmanFemale,GraysSophomoreMale,GraysSophomoreFemale,GraysJuniorMale,GraysJuniorFemale,GraysSeniorMale,GraysSeniorFemale,CanadayFreshmanMale,CanadayFreshmanFemale,CanadaySophomoreMale,CanadaySophomoreFemale,CanadayJuniorMale,CanadayJuniorFemale,CanadaySeniorMale,CanadaySeniorFemale,GreenoughFreshmanMale,GreenoughFreshmanFemale,GreenoughSophomoreMale,GreenoughSophomoreFemale,GreenoughJuniorMale,GreenoughJuniorFemale,GreenoughSeniorMale,GreenoughSeniorFemale,MowerFreshmanMale,MowerFreshmanFemale,MowerSophomoreMale,MowerSophomoreFemale,MowerJuniorMale,MowerJuniorFemale,MowerSeniorMale,MowerSeniorFemale,StoughtonFreshmanMale,StoughtonFreshmanFemale,StoughtonSophomoreMale,StoughtonSophomoreFemale,StoughtonJuniorMale,StoughtonJuniorFemale,StoughtonSeniorMale,StoughtonSeniorFemale,StrausFreshmanMale,StrausFreshmanFemale,StrausSophomoreMale,StrausSophomoreFemale,StrausJuniorMale,StrausJuniorFemale,StrausSeniorMale,StrausSeniorFemale
1A,0,0,3,2,4,5,3,3,0,0,1,2,6,5,3,1,0,0,1,6,4,3,1,0,0,0,0,4,9,2,4,1,0,0,4,5,5,3,5,3,0,0,4,6,5,1,1,4,0,0,0,1,2,1,4,8,0,0,4,5,3,1,2,3,0,0,1,6,2,1,0,3,0,0,3,2,1,5,1,1,0,0,2,2,1,3,5,5,0,0,4,8,3,2,5,2,2,5,0,0,0,0,0,0,1,1,0,0,0,0,0,0,1,1,0,0,0,0,0,0,2,3,0,0,0,0,0,0,2,5,0,0,0,0,0,0,3,2,0,0,0,0,0,0,0,0,0,0,0,0,0,0,1,4,0,0,0,0,0,0,0,0,0,0,0,0,0,0,1,1,0,0,0,0,0,0,1,0,0,0,0,0,0,0,0,2,0,0,0,0,0,0,7,8,0,0,0,0,0,0,1,0,0,0,0,0,0,0,0,0,0,0,0,0,0,0,3,2,0,0,0,0,0,0,0,3,0,0,0,0,0,0
1B,0,0,1,1,4,4,7,3,0,0,5,1,1,6,5,3,0,0,5,5,4,6,0,2,0,0,6,2,3,5,5,2,0,0,4,7,6,2,9,3,0,0,4,2,4,3,6,3,0,0,4,5,4,2,0,3,0,0,2,3,4,4,0,0,0,0,5,3,3,2,2,3,0,0,4,0,4,1,3,3,0,0,5,0,3,2,6,4,0,0,2,4,5,2,5,2,9,5,0,0,0,0,0,0,2,2,0,0,0,0,0,0,6,4,0,1,0,0,0,0,4,5,0,0,0,0,0,0,2,4,0,0,0,0,0,0,1,1,0,0,0,0,0,0,2,0,0,0,0,0,0,0,0,3,0,0,0,0,0,0,2,2,0,0,0,0,0,0,0,1,0,0,0,0,0,0,1,0,0,0,0,0,0,0,3,3,0,0,0,0,0,0,5,4,0,0,0,0,0,0,4,4,0,0,0,0,0,0,0,2,0,0,0,0,0,0,1,2,0,0,0,0,0,0,2,2,0,0,0,0,0,0
1C,0,0,18,23,27,16,17,9,0,0,20,15,17,20,16,9,0,0,20,12,23,13,10,13,0,0,8,8,25,13,21,13,0,0,16,23,17,18,29,12,0,0,15,9,18,10,14,10,0,1,23,23,23,13,13,13,0,0,16,14,19,11,29,11,0,0,13,16,18,25,12,9,0,0,20,17,14,16,10,7,0,0,18,15,20,21,23,18,0,0,16,15,19,13,21,15,23,25,0,0,0,0,0,0,12,13,0,0,0,0,0,0,22,11,0,0,0,0,0,0,30,14,0,0,0,0,0,0,20,8,0,0,0,0,0,0,10,6,0,0,0,0,0,0,5,0,0,0,0,0,0,0,16,5,0,0,0,0,0,0,4,8,0,0,0,0,0,0,4,5,0,0,0,0,0,0,0,1,0,0,0,0,0,0,12,13,0,0,0,0,0,0,35,18,0,0,0,0,1,0,14,7,0,0,0,0,0,0,7,5,0,0,0,0,0,0,7,4,0,0,0,0,0,0,10,10,1,0,0,0,0,0
1D,0,0,20,16,15,6,23,9,0,0,13,12,12,10,11,10,0,0,17,8,9,7,10,13,0,0,16,9,16,16,11,13,0,0,12,10,16,17,12,12,0,0,14,9,15,19,13,16,0,0,9,9,13,9,13,5,0,0,19,8,11,11,8,11,0,0,14,12,8,10,0,10,0,0,17,10,12,12,17,9,0,0,17,14,22,13,19,17,0,0,15,9,23,11,10,11,29,18,0,0,0,0,0,0,9,10,0,0,0,0,0,0,19,17,0,0,0,0,0,0,27,14,0,0,0,0,0,0,19,22,0,0,0,1,0,0,8,6,0,0,0,0,0,0,1,3,0,0,0,0,0,1,15,14,0,0,0,0,0,0,11,3,0,0,0,0,0,0,7,5,0,0,0,0,0,0,0,4,0,0,0,0,0,0,12,11,0,0,0,0,0,0,31,28,0,0,0,0,0,0,18,9,0,0,0,0,0,1,2,2,0,0,0,0,0,0,8,5,0,0,0,0,0,0,10,12,0,0,0,0,0,0
1E,0,0,7,9,4,6,3,10,0,0,5,6,6,3,4,3,0,0,6,5,4,3,5,6,0,0,2,8,3,3,8,6,0,0,5,6,5,7,4,8,0,0,2,12,1,5,3,9,0,0,3,9,5,2,9,6,0,0,2,5,7,6,4,8,0,0,4,6,9,4,1,5,0,0,6,7,5,6,7,3,0,0,4,6,6,7,6,9,0,0,7,11,4,7,9,5,10,6,0,0,0,0,0,0,7,3,0,0,0,0,0,0,7,8,0,0,0,0,0,0,6,4,0,0,0,0,0,0,7,8,0,0,0,0,0,0,1,5,0,0,0,0,0,0,2,1,0,0,0,0,0,0,2,3,0,0,0,0,0,0,2,5,0,0,0,0,0,0,1,0,0,0,0,0,0,0,0,0,0,0,0,0,0,0,7,10,0,0,0,0,0,0,9,11,0,0,0,0,0,0,3,1,0,0,0,0,0,0,4,2,0,0,0,0,0,0,4,2,0,0,0,0,0,0,6,3,0,0,0,0,0,0
2A,0,0,13,3,12,7,12,3,0,0,11,6,10,3,9,2,0,0,7,0,12,2,6,4,0,0,10,2,14,5,9,3,0,0,8,6,12,3,15,4,0,0,8,3,7,6,10,4,0,0,10,2,13,2,15,3,0,0,12,3,9,2,15,3,0,0,4,4,8,1,4,2,0,0,16,2,9,3,10,3,0,0,15,8,19,4,14,5,0,0,7,4,9,4,12,3,15,4,0,0,0,0,0,0,8,0,0,0,0,0,0,0,13,6,0,0,0,0,0,0,15,4,0,0,0,0,0,0,4,6,0,0,0,0,0,0,3,0,0,0,0,0,0,0,1,1,0,0,0,0,0,0,8,5,0,0,0,0,0,0,3,1,0,0,0,0,0,0,1,0,0,0,0,0,0,0,0,1,0,0,0,0,0,0,8,4,0,0,0,0,0,0,17,6,0,0,0,0,0,0,7,2,0,0,0,0,0,0,3,3,0,0,0,0,0,0,1,0,0,0,0,0,0,0,9,1,0,0,0,0,0,0
2B,0,0,18,13,14,5,18,2,0,0,12,6,18,8,10,3,0,0,24,11,13,9,6,5,0,0,10,9,22,15,22,3,0,0,19,15,17,17,17,4,0,0,14,8,18,12,7,6,0,0,13,11,19,10,7,3,0,0,9,9,21,9,10,4,0,0,11,9,13,12,4,2,0,0,17,15,10,11,8,5,0,0,17,6,17,10,21,6,0,0,16,10,19,6,8,4,29,16,0,0,0,0,0,0,7,10,0,0,0,0,0,0,18,3,0,0,0,0,0,0,36,10,0,0,0,0,0,0,22,11,0,0,0,0,0,0,7,3,0,0,0,0,0,0,4,1,0,0,0,0,0,1,10,3,0,0,0,0,0,0,8,2,0,0,0,0,0,0,7,2,0,0,0,0,0,0,0,1,0,0,0,0,0,0,13,8,0,0,0,0,0,0,30,16,0,0,0,0,0,0,17,3,0,0,0,0,0,0,4,2,0,0,0,0,0,0,10,6,0,0,0,0,0,0,9,10,1,0,0,0,0,0
2C,0,0,5,9,9,5,4,10,0,0,8,3,2,8,4,8,0,0,4,6,6,7,4,7,0,0,2,9,10,7,2,10,0,0,4,11,6,12,9,7,0,0,3,6,6,8,4,9,0,0,9,6,7,3,4,6,0,0,7,5,3,3,8,8,0,0,6,11,4,9,0,12,0,0,3,6,8,10,6,6,0,0,0,3,6,9,6,16,0,0,3,10,4,9,3,2,7,13,0,0,0,0,0,0,6,6,0,0,0,0,0,0,6,10,0,1,0,0,0,0,10,9,0,0,0,0,0,0,2,9,0,0,0,0,0,0,6,6,0,0,0,0,0,0,1,1,0,0,0,0,0,0,4,7,0,0,0,0,0,0,1,9,0,0,0,0,0,0,2,4,0,0,0,0,0,0,0,2,0,0,0,0,0,0,4,8,0,0,0,0,0,0,14,14,0,0,0,0,0,0,9,5,0,0,0,0,0,0,1,1,0,0,0,0,0,0,2,2,0,0,0,0,0,0,3,5,0,0,0,0,0,0
2D,0,0,4,14,8,3,4,3,0,0,3,7,3,7,3,5,0,0,5,6,5,4,2,5,0,0,1,2,2,1,5,6,0,0,2,6,0,8,5,7,0,0,7,7,2,4,4,11,0,0,2,12,4,5,4,7,0,0,7,5,4,9,4,6,0,0,7,4,5,7,3,7,0,0,2,5,2,8,6,4,0,0,3,3,5,7,7,8,0,0,3,6,5,4,5,11,5,7,0,0,0,0,0,0,5,4,0,0,0,0,0,0,7,6,0,0,0,0,0,0,2,3,0,0,0,0,0,0,9,6,0,0,0,0,0,0,2,6,0,0,0,0,0,0,1,0,0,0,0,0,0,0,3,1,0,0,0,0,0,0,0,1,0,0,0,0,0,0,2,2,0,0,0,0,0,0,0,0,0,0,0,0,0,0,2,4,0,0,0,0,0,0,8,11,0,0,0,0,0,0,3,2,0,0,0,0,0,0,1,1,0,0,0,0,0,0,2,2,0,0,0,0,0,0,5,6,0,0,0,0,0,0
2E,0,0,9,12,11,17,15,16,0,0,10,14,9,18,13,8,0,0,9,13,8,10,8,13,0,0,9,9,8,11,11,13,0,0,8,13,14,7,13,16,0,0,7,14,10,8,12,12,0,1,5,16,4,7,9,16,0,0,8,13,7,10,6,12,0,0,9,15,10,13,4,7,0,0,12,8,7,8,8,5,0,0,11,17,5,16,11,18,0,0,15,17,17,12,22,15,17,19,0,0,0,0,0,0,5,9,0,0,0,0,0,0,11,16,0,0,0,0,0,0,6,14,0,0,0,0,0,0,13,15,0,0,0,1,0,0,5,5,0,0,0,0,0,0,3,1,0,0,0,0,0,0,9,13,0,0,0,0,0,0,7,5,0,0,0,0,0,0,1,4,0,0,0,0,0,0,2,1,0,0,0,0,0,0,7,15,0,0,0,0,0,0,18,22,0,0,0,0,1,0,4,9,0,0,0,0,0,1,4,4,0,0,0,0,0,0,8,5,0,0,0,0,0,0,2,8,0,0,0,0,0,0
3A,0,0,7,8,8,3,7,3,0,0,5,1,4,4,1,1,0,0,6,5,8,4,2,3,0,0,4,7,5,3,8,5,0,0,5,15,5,10,4,4,0,0,10,4,6,6,8,5,0,0,6,7,5,5,2,2,0,0,5,7,5,3,9,4,0,0,3,8,6,5,1,3,0,0,11,7,6,6,9,4,0,0,9,4,6,4,6,4,0,0,8,6,5,6,8,8,6,8,0,0,0,0,0,0,5,8,0,0,0,0,0,0,11,8,0,0,0,0,0,0,18,10,0,0,0,0,0,0,12,12,0,0,0,0,0,0,6,4,0,0,0,0,0,0,1,1,0,0,0,0,0,0,12,4,0,0,0,0,0,0,3,3,0,0,0,0,0,0,4,2,0,0,0,0,0,0,1,0,0,0,0,0,0,0,4,5,0,0,0,0,0,0,26,14,0,0,0,0,0,0,8,4,0,0,0,0,0,0,1,5,0,0,0,0,0,0,3,6,0,0,0,0,0,0,7,3,0,0,0,0,0,0
3B,0,0,17,12,20,8,22,7,0,0,16,15,21,13,15,6,0,0,14,6,17,6,8,10,0,0,10,7,26,12,25,8,0,0,16,12,19,15,20,18,0,0,6,8,22,7,16,9,0,0,17,9,19,7,15,10,0,0,20,8,21,12,13,14,0,0,17,10,11,15,7,7,0,0,19,8,11,5,13,5,0,0,19,10,19,17,17,17,0,0,18,12,18,10,14,10,29,16,0,0,0,0,0,0,13,7,0,0,0,0,0,0,17,8,0,1,0,0,0,0,23,10,0,0,0,0,0,0,18,11,0,0,0,0,0,0,9,9,0,0,0,0,0,0,4,1,0,0,0,0,0,1,12,11,0,0,0,0,0,0,6,3,0,0,0,0,0,0,5,3,0,0,0,0,0,0,1,2,0,0,0,0,0,0,17,11,0,0,0,0,0,0,40,27,0,0,0,0,0,0,18,4,0,0,0,0,0,0,5,2,0,0,0,0,0,0,10,6,0,0,0,0,0,0,6,11,0,0,0,0,0,0
3C,0,0,6,15,9,13,4,7,0,0,7,9,5,8,6,8,0,0,12,11,5,7,8,7,0,0,5,4,7,7,3,4,0,0,11,7,11,6,8,4,0,0,4,6,3,9,5,6,0,0,4,8,4,1,3,3,0,0,4,3,6,2,8,8,0,0,7,3,7,3,1,4,0,0,5,9,3,12,4,3,0,0,7,9,6,9,13,7,0,0,5,8,9,5,10,7,12,5,0,0,0,0,0,0,4,2,0,0,0,0,0,0,7,7,0,0,0,0,0,0,3,8,0,0,0,0,0,0,3,5,0,0,0,0,0,0,1,4,0,0,0,0,0,0,1,0,0,0,0,0,0,0,3,2,0,0,0,0,0,0,1,4,0,0,0,0,0,0,1,0,0,0,0,0,0,0,0,2,0,0,0,0,0,0,1,9,0,0,0,0,0,0,4,9,0,0,0,0,0,0,5,3,0,0,0,0,0,0,3,1,0,0,0,0,0,0,2,0,0,0,0,0,0,0,3,2,0,0,0,0,0,0
3D,0,0,12,5,13,5,15,7,0,0,10,6,3,9,8,1,0,0,6,6,8,7,6,7,0,0,6,6,14,7,7,7,0,0,4,5,7,10,14,6,0,0,8,15,5,8,5,10,0,0,5,10,9,8,8,10,0,0,9,5,6,4,6,4,0,0,2,9,11,10,3,11,0,0,9,3,6,13,9,3,0,0,7,5,8,8,8,12,0,0,8,8,9,4,3,1,13,9,0,0,0,0,0,0,5,8,0,0,0,0,0,0,8,6,0,0,0,0,0,0,12,4,0,0,0,0,0,0,12,8,0,0,0,0,0,0,4,2,0,0,0,0,0,0,4,2,0,0,0,0,0,0,1,8,0,0,0,0,0,0,3,2,0,0,0,0,0,0,1,1,0,0,0,0,0,0,0,1,0,0,0,0,0,0,8,6,0,0,0,0,0,0,9,9,0,0,0,0,0,0,5,6,0,0,0,0,0,0,1,0,0,0,0,0,0,0,4,2,0,0,0,0,0,0,4,6,0,0,0,0,0,0
3E,0,0,7,11,4,8,5,10,0,0,6,5,9,10,9,10,0,0,11,8,6,8,2,7,0,0,7,7,4,10,6,11,0,0,5,12,7,6,13,6,0,0,11,5,7,8,3,12,0,1,7,13,10,6,11,10,0,0,5,12,6,12,7,3,0,0,8,13,5,9,3,5,0,0,6,9,10,4,3,8,0,0,4,9,13,8,15,13,0,0,5,13,13,10,15,9,13,21,0,0,0,0,0,0,4,4,0,0,0,0,0,0,12,12,0,0,0,0,0,0,13,8,0,0,0,0,0,0,5,11,0,0,0,1,0,0,3,1,0,0,0,0,0,0,0,0,0,0,0,0,0,0,6,4,0,0,0,0,0,0,6,6,0,0,0,0,0,0,2,6,0,0,0,0,0,0,0,0,0,0,0,0,0,0,4,8,0,0,0,0,0,0,8,10,0,0,0,0,1,0,4,4,0,0,0,0,0,1,3,3,0,0,0,0,0,0,4,1,0,0,0,0,0,0,8,8,1,0,0,0,0,0
4A,0,0,7,4,9,3,10,1,0,0,6,3,6,2,9,0,0,0,5,2,4,1,3,3,0,0,6,0,7,5,6,1,0,0,4,2,8,4,10,1,0,0,5,3,2,2,2,3,0,0,3,6,4,2,2,3,0,0,4,2,8,0,2,3,0,0,3,6,4,2,2,1,0,0,7,1,3,2,3,2,0,0,9,1,5,6,8,2,0,0,5,3,6,6,6,3,7,6,0,0,0,0,0,0,4,2,0,0,0,0,0,0,4,2,0,0,0,0,0,0,2,1,0,0,0,0,0,0,3,6,0,0,0,0,0,0,3,1,0,0,0,0,0,0,1,0,0,0,0,0,0,0,3,3,0,0,0,0,0,0,1,0,0,0,0,0,0,0,0,0,0,0,0,0,0,0,1,1,0,0,0,0,0,0,3,1,0,0,0,0,0,0,5,4,0,0,0,0,0,0,2,0,0,0,0,0,0,0,1,0,0,0,0,0,0,0,1,2,0,0,0,0,0,0,2,1,0,0,0,0,0,0
4B,0,0,13,10,9,6,13,12,0,0,10,5,8,10,4,4,0,0,22,1,8,7,10,9,0,0,6,3,9,11,16,4,0,0,8,8,10,11,12,11,0,0,11,5,12,4,11,4,0,0,12,6,16,4,13,6,0,0,17,10,10,9,13,10,0,0,14,5,14,6,4,4,0,0,16,9,5,8,10,6,0,0,13,7,14,5,19,8,0,0,6,10,15,6,10,10,19,11,0,0,0,0,0,0,5,6,0,0,0,0,0,0,26,8,0,0,0,0,0,0,14,6,0,0,0,0,0,0,14,11,0,0,0,0,0,0,4,7,0,0,0,0,0,0,1,1,0,0,0,0,0,0,9,7,0,0,0,0,0,0,4,3,0,0,0,0,0,0,6,3,0,0,0,0,0,0,0,2,0,0,0,0,0,0,5,7,0,0,0,0,0,0,26,10,0,0,0,0,0,0,18,8,0,0,0,0,0,0,0,1,0,0,0,0,0,0,6,1,0,0,0,0,0,0,5,5,0,0,0,0,0,0
4C,0,0,6,8,8,5,3,3,0,0,6,4,5,4,4,5,0,0,7,4,9,4,2,2,0,0,5,6,13,4,10,2,0,0,6,8,6,7,8,7,0,0,4,6,5,10,6,8,0,0,5,12,10,5,9,4,0,0,4,5,7,6,4,1,0,0,4,2,7,5,0,2,0,0,7,4,4,9,5,2,0,0,7,8,9,8,8,7,0,0,9,7,10,2,10,7,17,8,0,0,0,0,0,0,5,4,0,0,0,0,0,0,4,8,0,0,0,0,0,0,15,9,0,0,0,0,0,0,9,8,0,0,0,0,0,0,4,3,0,0,0,0,0,0,2,0,0,0,0,0,0,0,8,5,0,0,0,0,0,0,3,3,0,0,0,0,0,0,1,1,0,0,0,0,0,0,0,1,0,0,0,0,0,0,6,7,0,0,0,0,0,0,11,9,0,0,0,0,0,0,2,5,0,0,0,0,0,1,5,0,0,0,0,0,0,0,3,2,0,0,0,0,0,0,4,6,0,0,0,0,0,0
4D,0,0,18,19,22,15,18,9,0,0,16,12,16,15,13,11,0,0,9,16,14,10,8,11,0,0,12,9,16,7,15,21,0,0,15,14,21,11,19,10,0,0,11,11,12,15,12,14,0,1,11,16,8,6,10,12,0,0,12,9,9,8,17,12,0,0,11,12,12,19,8,10,0,0,16,11,18,10,13,7,0,0,8,16,15,14,14,16,0,0,18,10,15,9,19,8,19,21,0,0,0,0,0,0,13,11,0,0,0,0,0,0,10,13,0,1,0,0,0,0,28,11,0,0,0,0,0,0,16,11,0,0,0,0,0,0,8,4,0,0,0,0,0,0,5,2,0,0,0,0,0,0,8,4,0,0,0,0,0,0,6,6,0,0,0,0,0,0,6,4,0,0,0,0,0,0,1,1,0,0,0,0,0,0,12,13,0,0,0,0,0,0,21,27,0,0,0,0,1,0,13,5,0,0,0,0,0,0,4,6,0,0,0,0,0,0,7,5,0,0,0,0,0,0,11,7,0,0,0,0,0,0
4E,0,0,5,10,6,8,9,9,0,0,6,12,7,13,9,6,0,0,6,13,9,10,3,9,0,0,3,13,11,12,2,7,0,0,8,19,4,14,10,9,0,0,8,13,12,7,6,13,0,0,8,7,9,10,5,10,0,0,6,9,10,10,7,7,0,0,5,18,3,10,1,13,0,0,4,11,6,11,7,6,0,0,9,5,9,13,10,20,0,0,6,17,8,12,5,7,11,13,0,0,0,0,0,0,4,6,0,0,0,0,0,0,11,10,0,0,0,0,0,0,10,13,0,0,0,0,0,0,8,11,0,0,0,1,0,0,4,5,0,0,0,0,0,0,1,1,0,0,0,0,0,1,6,10,0,0,0,0,0,0,5,6,0,0,0,0,0,0,0,4,0,0,0,0,0,0,0,0,0,0,0,0,0,0,8,11,0,0,0,0,0,0,24,19,0,0,0,0,0,0,5,3,0,0,0,0,0,0,3,4,0,0,0,0,0,0,6,5,0,0,0,0,0,0,6,11,1,0,0,0,0,0
5A,0,0,11,15,9,6,8,8,0,0,9,11,6,8,7,7,0,0,7,8,7,5,3,9,0,0,9,3,11,6,10,12,0,0,9,10,8,10,12,6,0,0,7,7,8,7,5,7,0,0,10,6,8,9,12,3,0,0,6,9,6,4,6,6,0,0,2,11,10,6,2,7,0,0,11,6,3,4,8,3,0,0,9,7,10,7,13,9,0,0,6,13,9,5,8,4,7,16,0,0,0,0,0,0,9,3,0,0,0,0,0,0,11,11,0,1,0,0,0,0,15,5,0,0,0,0,0,0,11,11,0,0,0,1,0,0,6,3,0,0,0,0,0,0,4,0,0,0,0,0,0,0,10,7,0,0,0,0,0,0,5,4,0,0,0,0,0,0,7,2,0,0,0,0,0,0,1,2,0,0,0,0,0,0,2,6,0,0,0,0,0,0,21,14,0,0,0,0,0,0,10,2,0,0,0,0,0,1,4,2,0,0,0,0,0,0,3,2,0,0,0,0,0,0,7,7,0,0,0,0,0,0
5B,0,0,9,10,10,1,10,5,0,0,7,0,5,8,7,6,0,0,14,4,12,2,7,5,0,0,7,5,10,2,11,2,0,0,8,5,8,4,7,6,0,0,8,6,7,9,6,3,0,0,8,6,6,2,6,2,0,0,11,1,8,4,8,4,0,0,12,5,11,8,1,3,0,0,10,3,7,5,11,5,0,0,12,7,14,3,6,11,0,0,15,8,16,4,10,7,21,12,0,0,0,0,0,0,4,6,0,0,0,0,0,0,15,5,0,0,0,0,0,0,15,7,0,0,0,0,0,0,6,5,0,0,0,0,0,0,2,4,0,0,0,0,0,0,1,0,0,0,0,0,0,0,7,3,0,0,0,0,0,0,3,2,0,0,0,0,0,0,3,1,0,0,0,0,0,0,0,1,0,0,0,0,0,0,8,6,0,0,0,0,0,0,21,11,0,0,0,0,0,0,8,4,0,0,0,0,0,0,3,1,0,0,0,0,0,0,2,2,0,0,0,0,0,0,2,4,0,0,0,0,0,0
5C,0,0,1,6,1,4,5,3,0,0,3,4,2,4,2,1,0,0,4,4,3,0,1,0,0,0,0,5,1,8,2,4,0,0,2,7,4,3,3,5,0,0,2,2,3,7,3,2,0,0,5,5,4,3,2,3,0,0,4,4,3,3,1,2,0,0,2,4,3,1,0,5,0,0,4,5,5,6,5,3,0,0,1,3,3,8,1,4,0,0,4,4,4,4,6,3,7,5,0,0,0,0,0,0,2,5,0,0,0,0,0,0,4,3,0,0,0,0,0,0,2,6,0,0,0,0,0,0,3,5,0,0,0,0,0,0,2,3,0,0,0,0,0,0,1,1,0,0,0,0,0,0,3,0,0,0,0,0,0,0,4,2,0,0,0,0,0,0,1,4,0,0,0,0,0,0,0,1,0,0,0,0,0,0,3,4,0,0,0,0,0,0,3,4,0,0,0,0,0,0,7,1,0,0,0,0,0,0,0,0,0,0,0,0,0,0,2,0,0,0,0,0,0,0,4,4,1,0,0,0,0,0
5D,0,0,10,7,17,16,24,12,0,0,15,11,19,18,13,6,0,0,9,12,10,15,10,7,0,0,7,10,21,12,12,10,0,0,15,15,17,13,20,10,0,0,14,11,16,9,7,18,0,0,8,14,17,10,11,15,0,0,11,7,12,8,19,10,0,0,12,9,9,18,8,8,0,0,15,13,13,11,11,5,0,0,15,6,18,13,23,16,0,0,12,5,9,11,15,15,17,14,0,0,0,0,0,0,7,8,0,0,0,0,0,0,17,10,0,0,0,0,0,0,23,9,0,0,0,0,0,0,20,11,0,0,0,0,0,0,9,4,0,0,0,0,0,0,2,2,0,0,0,0,0,0,6,11,0,0,0,0,0,0,3,4,0,0,0,0,0,0,1,1,0,0,0,0,0,0,1,1,0,0,0,0,0,0,11,8,0,0,0,0,0,0,22,18,0,0,0,0,0,0,5,9,0,0,0,0,0,0,2,2,0,0,0,0,0,0,6,3,0,0,0,0,0,0,9,8,0,0,0,0,0,0
5E,0,0,18,13,17,10,6,6,0,0,10,10,10,6,10,6,0,0,15,8,12,10,5,13,0,0,9,8,13,11,14,7,0,0,7,14,12,17,17,11,0,0,8,12,9,6,16,12,0,1,8,16,12,3,8,12,0,0,11,14,15,14,9,11,0,0,9,14,7,9,4,7,0,0,10,9,8,14,3,7,0,0,9,14,7,15,16,13,0,0,7,17,16,11,11,6,21,12,0,0,0,0,0,0,9,7,0,0,0,0,0,0,8,12,0,0,0,0,0,0,14,13,0,0,0,0,0,0,10,15,0,0,0,0,0,0,4,6,0,0,0,0,0,0,2,1,0,0,0,0,0,1,8,8,0,0,0,0,0,0,4,6,0,0,0,0,0,0,1,4,0,0,0,0,0,0,0,0,0,0,0,0,0,0,10,15,0,0,0,0,0,0,20,22,0,0,0,0,1,0,10,5,0,0,0,0,0,0,4,6,0,0,0,0,0,0,10,8,0,0,0,0,0,0,6,7,0,0,0,0,0,0
6A,0,0,11,13,9,5,9,9,0,0,9,12,5,11,8,5,0,0,11,3,6,5,1,8,0,0,5,5,12,9,10,6,0,0,6,12,15,8,8,7,0,0,9,7,9,5,6,10,0,0,8,12,7,8,5,11,0,0,9,8,10,8,12,7,0,0,7,10,7,10,3,4,0,0,4,12,9,7,5,5,0,0,11,5,8,5,12,9,0,0,13,10,4,7,12,7,12,10,0,0,0,0,0,0,5,6,0,0,0,0,0,0,12,6,0,0,0,0,0,0,19,5,0,0,0,0,0,0,12,8,0,0,0,0,0,0,2,6,0,0,0,0,0,0,2,1,0,0,0,0,0,0,7,3,0,0,0,0,0,0,3,3,0,0,0,0,0,0,3,3,0,0,0,0,0,0,0,0,0,0,0,0,0,0,7,6,0,0,0,0,0,0,12,14,0,0,0,0,1,0,9,6,0,0,0,0,0,0,0,4,0,0,0,0,0,0,4,6,0,0,0,0,0,0,4,3,0,0,0,0,0,0
6B,0,0,10,9,14,9,12,5,0,0,20,7,16,11,16,8,0,0,12,7,18,4,10,7,0,0,12,6,19,7,18,9,0,0,13,10,20,14,22,13,0,0,13,9,15,12,11,10,0,0,13,12,11,8,12,8,0,0,12,5,14,6,11,8,0,0,12,9,10,10,4,8,0,0,15,9,9,8,5,3,0,0,16,9,15,14,20,13,0,0,15,9,24,13,18,8,25,11,0,0,0,0,0,0,6,10,0,0,0,0,0,0,12,11,0,0,0,0,0,0,18,7,0,0,0,0,0,0,11,8,0,0,0,1,0,0,9,3,0,0,0,0,0,0,3,1,0,0,0,0,0,0,8,3,0,0,0,0,0,0,6,1,0,0,0,0,0,0,2,4,0,0,0,0,0,0,1,2,0,0,0,0,0,0,11,9,0,0,0,0,0,0,22,25,0,0,0,0,0,0,12,2,0,0,0,0,0,1,7,3,0,0,0,0,0,0,5,4,0,0,0,0,0,0,6,5,0,0,0,0,0,0
6C,0,0,15,12,11,11,10,8,0,0,4,10,9,10,5,1,0,0,11,10,10,10,7,9,0,0,8,6,6,7,7,4,0,0,11,9,9,10,14,3,0,0,5,8,6,8,9,7,0,1,12,6,18,4,11,4,0,0,7,5,6,2,11,6,0,0,5,9,10,10,1,5,0,0,16,5,7,7,12,9,0,0,5,8,11,6,14,8,0,0,8,7,14,3,10,7,17,19,0,0,0,0,0,0,12,5,0,0,0,0,0,0,18,14,0,0,0,0,0,0,13,10,0,0,0,0,0,0,12,11,0,0,0,0,0,0,5,4,0,0,0,0,0,0,2,1,0,0,0,0,0,0,9,8,0,0,0,0,0,0,3,6,0,0,0,0,0,0,2,2,0,0,0,0,0,0,0,3,0,0,0,0,0,0,7,15,0,0,0,0,0,0,22,11,0,0,0,0,0,0,11,5,0,0,0,0,0,0,4,3,0,0,0,0,0,0,4,2,0,0,0,0,0,0,9,9,0,0,0,0,0,0
6D,0,0,6,8,6,7,7,7,0,0,5,3,4,6,4,7,0,0,6,7,1,8,1,4,0,0,1,12,9,10,6,11,0,0,3,13,3,11,7,8,0,0,8,9,6,7,5,10,0,0,3,11,3,4,4,10,0,0,7,13,7,7,2,8,0,0,3,11,7,8,6,8,0,0,4,4,6,15,5,2,0,0,7,10,11,10,3,17,0,0,2,13,6,9,5,8,4,11,0,0,0,0,0,0,5,7,0,0,0,0,0,0,6,8,0,1,0,0,0,0,7,13,0,0,0,0,0,0,6,12,0,0,0,0,0,0,2,3,0,0,0,0,0,0,2,0,0,0,0,0,0,0,3,10,0,0,0,0,0,0,2,5,0,0,0,0,0,0,2,3,0,0,0,0,0,0,0,0,0,0,0,0,0,0,5,5,0,0,0,0,0,0,16,11,0,0,0,0,0,0,4,5,0,0,0,0,0,0,0,1,0,0,0,0,0,0,5,2,0,0,0,0,0,0,2,8,0,0,0,0,0,0
6E,0,0,7,9,14,5,15,5,0,0,6,4,8,6,6,5,0,0,9,9,9,5,7,6,0,0,6,2,10,6,8,5,0,0,8,7,2,4,8,7,0,0,4,5,7,6,6,5,0,0,3,6,8,3,7,2,0,0,8,4,7,10,7,4,0,0,10,4,6,4,1,5,0,0,11,6,5,3,11,4,0,0,7,5,7,11,10,6,0,0,6,8,6,3,5,5,15,8,0,0,0,0,0,0,3,1,0,0,0,0,0,0,7,2,0,0,0,0,0,0,12,5,0,0,0,0,0,0,9,8,0,0,0,0,0,0,5,4,0,0,0,0,0,0,1,1,0,0,0,0,0,1,7,5,0,0,0,0,0,0,5,3,0,0,0,0,0,0,4,0,0,0,0,0,0,0,1,0,0,0,0,0,0,0,4,4,0,0,0,0,0,0,15,8,0,0,0,0,0,0,4,3,0,0,0,0,0,0,2,0,0,0,0,0,0,0,5,1,0,0,0,0,0,0,7,5,1,0,0,0,0,0
7A,0,0,8,5,12,5,9,7,0,0,7,5,5,6,4,2,0,0,10,1,8,2,6,7,0,0,5,2,12,6,8,2,0,0,9,10,11,6,18,5,0,0,9,3,4,1,7,1,0,0,4,5,8,5,14,5,0,0,2,2,8,5,9,1,0,0,8,4,7,4,3,5,0,0,9,4,4,4,6,0,0,0,3,4,11,3,7,8,0,0,6,5,9,1,12,5,7,5,0,0,0,0,0,0,5,3,0,0,0,0,0,0,11,8,0,0,0,0,0,0,8,5,0,0,0,0,0,0,7,6,0,0,0,0,0,0,8,3,0,0,0,0,0,0,0,0,0,0,0,0,0,0,3,3,0,0,0,0,0,0,2,3,0,0,0,0,0,0,3,1,0,0,0,0,0,0,0,2,0,0,0,0,0,0,7,7,0,0,0,0,0,0,12,6,0,0,0,0,0,0,6,3,0,0,0,0,0,0,2,3,0,0,0,0,0,0,6,2,0,0,0,0,0,0,3,2,0,0,0,0,0,0
7B,0,0,17,24,12,10,16,10,0,0,17,16,12,19,12,14,0,0,8,16,14,11,6,15,0,0,4,12,20,16,20,10,0,0,11,21,13,13,18,9,0,0,14,19,16,15,12,24,0,1,12,18,14,10,10,12,0,0,14,13,17,10,13,20,0,0,10,15,13,19,4,11,0,0,15,12,13,12,10,11,0,0,19,12,16,21,15,19,0,0,14,22,18,12,13,14,32,22,0,0,0,0,0,0,11,14,0,0,0,0,0,0,11,19,0,1,0,0,0,0,17,12,0,0,0,0,0,0,11,20,0,0,0,0,0,0,2,5,0,0,0,0,0,0,4,2,0,0,0,0,0,0,9,9,0,0,0,0,0,0,5,6,0,0,0,0,0,0,3,5,0,0,0,0,0,0,1,0,0,0,0,0,0,0,9,17,0,0,0,0,0,0,30,31,0,0,0,0,1,0,12,7,0,0,0,0,0,1,4,5,0,0,0,0,0,0,8,7,0,0,0,0,0,0,10,15,0,0,0,0,0,0
7C,0,0,2,6,6,2,3,5,0,0,1,6,2,3,3,3,0,0,6,2,2,0,2,4,0,0,5,3,2,1,3,3,0,0,2,5,4,3,3,3,0,0,3,1,3,2,2,1,0,0,4,8,3,3,1,8,0,0,9,7,0,5,0,1,0,0,2,4,2,7,2,4,0,0,3,3,1,2,1,1,0,0,6,4,0,5,4,7,0,0,4,4,5,4,2,1,2,8,0,0,0,0,0,0,3,2,0,0,0,0,0,0,5,2,0,0,0,0,0,0,8,6,0,0,0,0,0,0,6,5,0,0,0,0,0,0,0,2,0,0,0,0,0,0,1,2,0,0,0,0,0,0,6,1,0,0,0,0,0,0,1,1,0,0,0,0,0,0,1,0,0,0,0,0,0,0,1,0,0,0,0,0,0,0,3,2,0,0,0,0,0,0,7,8,0,0,0,0,0,0,2,3,0,0,0,0,0,0,0,1,0,0,0,0,0,0,3,2,0,0,0,0,0,0,3,6,0,0,0,0,0,0
7D,0,0,12,9,16,7,17,5,0,0,17,5,18,9,15,3,0,0,12,8,10,13,6,6,0,0,12,11,17,10,9,12,0,0,12,12,16,21,16,16,0,0,5,9,11,13,10,13,0,0,13,11,11,4,10,9,0,0,11,8,11,7,12,6,0,0,8,17,14,8,4,5,0,0,19,12,13,12,14,5,0,0,7,11,17,13,26,13,0,0,10,10,11,11,18,8,20,17,0,0,0,0,0,0,7,6,0,0,0,0,0,0,20,9,0,0,0,0,0,0,21,10,0,0,0,0,0,0,17,8,0,0,0,0,0,0,9,9,0,0,0,0,0,0,4,0,0,0,0,0,0,1,12,9,0,0,0,0,0,0,8,6,0,0,0,0,0,0,6,4,0,0,0,0,0,0,0,2,0,0,0,0,0,0,10,10,0,0,0,0,0,0,26,16,0,0,0,0,0,0,16,6,0,0,0,0,0,0,6,2,0,0,0,0,0,0,6,3,0,0,0,0,0,0,9,6,0,0,0,0,0,0
7E,0,0,10,7,8,13,8,7,0,0,2,4,5,7,5,4,0,0,13,9,10,6,6,2,0,0,6,3,5,6,9,8,0,0,7,3,5,4,4,5,0,0,8,6,9,7,6,3,0,0,6,5,11,5,4,1,0,0,7,5,8,6,9,5,0,0,9,3,4,4,2,5,0,0,4,5,5,10,7,6,0,0,11,6,8,4,7,6,0,0,10,6,11,7,5,7,12,7,0,0,0,0,0,0,5,4,0,0,0,0,0,0,8,3,0,0,0,0,0,0,15,7,0,0,0,0,0,0,9,8,0,0,0,1,0,0,4,1,0,0,0,0,0,0,1,0,0,0,0,0,0,0,4,7,0,0,0,0,0,0,3,2,0,0,0,0,0,0,0,2,0,0,0,0,0,0,0,1,0,0,0,0,0,0,5,3,0,0,0,0,0,0,12,8,0,0,0,0,0,0,4,2,0,0,0,0,0,0,1,0,0,0,0,0,0,0,0,1,0,0,0,0,0,0,3,1,1,0,0,0,0,0
8A,0,0,18,13,18,3,20,5,0,0,13,5,15,3,6,2,0,0,18,4,8,2,10,5,0,0,15,2,19,3,15,5,0,0,16,4,21,8,21,6,0,0,10,1,12,7,10,5,0,0,11,7,15,3,15,5,0,0,13,4,22,0,18,4,0,0,6,6,8,2,5,2,0,0,22,7,7,3,12,3,0,0,15,1,24,10,24,8,0,0,12,7,15,5,19,5,24,7,0,0,0,0,0,0,10,4,0,0,0,0,0,0,26,7,0,0,0,0,0,0,26,6,0,0,0,0,0,0,15,5,0,0,0,0,0,0,5,4,0,0,0,0,0,0,3,1,0,0,0,0,0,0,10,3,0,0,0,0,0,0,7,3,0,0,0,0,0,0,6,2,0,0,0,0,0,0,1,2,0,0,0,0,0,0,12,6,0,0,0,0,0,0,33,13,0,0,0,0,0,0,11,4,0,0,0,0,0,0,4,1,0,0,0,0,0,0,7,0,0,0,0,0,0,0,10,4,0,0,0,0,0,0
8B,0,0,11,10,8,12,10,10,0,0,11,10,9,10,8,3,0,0,13,8,13,6,5,9,0,0,3,7,13,5,11,4,0,0,4,10,7,11,10,8,0,0,10,8,7,6,9,7,0,0,7,6,13,6,5,7,0,0,8,7,10,4,4,5,0,0,11,8,12,11,5,3,0,0,12,8,13,7,10,7,0,0,8,10,8,9,11,13,0,0,6,4,8,8,11,6,14,9,0,0,0,0,0,0,5,3,0,0,0,0,0,0,9,3,0,0,0,0,0,0,12,9,0,0,0,0,0,0,14,11,0,0,0,0,0,0,3,3,0,0,0,0,0,0,2,1,0,0,0,0,0,0,10,3,0,0,0,0,0,0,0,2,0,0,0,0,0,0,3,4,0,0,0,0,0,0,0,0,0,0,0,0,0,0,5,7,0,0,0,0,0,0,10,12,0,0,0,0,0,0,11,5,0,0,0,0,0,0,1,1,0,0,0,0,0,0,4,3,0,0,0,0,0,0,7,6,0,0,0,0,0,0
8C,0,0,4,4,6,2,5,1,0,0,5,1,5,7,6,5,0,0,4,3,3,0,2,5,0,0,6,0,5,5,5,4,0,0,7,7,6,6,6,5,0,0,6,2,4,2,5,5,0,0,8,6,3,2,5,2,0,0,5,4,1,2,3,0,0,0,4,2,4,3,2,2,0,0,6,6,4,3,4,1,0,0,6,5,5,2,4,10,0,0,7,5,2,2,3,4,6,7,0,0,0,0,0,0,2,3,0,0,0,0,0,0,4,4,0,0,0,0,0,0,5,3,0,0,0,0,0,0,5,5,0,0,0,1,0,0,4,3,0,0,0,0,0,0,2,1,0,0,0,0,0,0,3,4,0,0,0,0,0,0,3,1,0,0,0,0,0,0,3,1,0,0,0,0,0,0,0,2,0,0,0,0,0,0,7,3,0,0,0,0,0,0,9,11,0,0,0,0,0,0,2,1,0,0,0,0,0,0,2,2,0,0,0,0,0,0,3,0,0,0,0,0,0,0,2,4,1,0,0,0,0,0
8D,0,0,9,12,8,11,9,6,0,0,8,12,7,15,7,7,0,0,6,7,10,10,7,9,0,0,4,13,9,13,11,12,0,0,7,12,6,12,16,12,0,0,9,18,12,17,7,10,0,1,8,12,10,9,8,12,0,0,11,12,7,18,9,14,0,0,10,11,11,16,1,10,0,0,8,10,5,14,8,7,0,0,6,13,8,15,14,9,0,0,9,13,17,7,12,12,19,20,0,0,0,0,0,0,9,8,0,0,0,0,0,0,9,10,0,1,0,0,0,0,15,9,0,0,0,0,0,0,9,15,0,0,0,0,0,0,6,2,0,0,0,0,0,0,2,0,0,0,0,0,0,0,5,10,0,0,0,0,0,0,3,5,0,0,0,0,0,0,1,3,0,0,0,0,0,0,0,1,0,0,0,0,0,0,6,11,0,0,0,0,0,0,18,17,0,0,0,0,1,0,7,5,0,0,0,0,0,1,3,2,0,0,0,0,0,0,6,5,0,0,0,0,0,0,3,8,0,0,0,0,0,0
8E,0,0,7,12,14,9,9,12,0,0,7,8,6,9,12,9,0,0,8,14,10,14,2,6,0,0,4,9,10,13,7,10,0,0,7,18,9,10,6,7,0,0,4,9,8,6,6,15,0,0,5,16,6,7,6,9,0,0,6,8,4,9,9,10,0,0,6,16,5,10,2,13,0,0,2,5,7,13,4,5,0,0,11,8,7,10,6,13,0,0,10,18,12,13,5,8,10,16,0,0,0,0,0,0,5,11,0,0,0,0,0,0,7,17,0,0,0,0,0,0,11,13,0,0,0,0,0,0,7,11,0,0,0,0,0,0,5,8,0,0,0,0,0,0,1,1,0,0,0,0,0,1,6,9,0,0,0,0,0,0,6,7,0,0,0,0,0,0,0,2,0,0,0,0,0,0,1,0,0,0,0,0,0,0,4,12,0,0,0,0,0,0,17,16,0,0,0,0,0,0,9,6,0,0,0,0,0,0,3,5,0,0,0,0,0,0,3,7,0,0,0,0,0,0,6,8,0,0,0,0,0,0
9A,0,0,1,3,3,0,1,3,0,0,3,2,1,2,2,1,0,0,3,2,1,3,2,4,0,0,2,3,2,4,6,3,0,0,2,6,2,3,2,2,0,0,2,3,0,3,0,2,0,0,4,5,4,5,1,1,0,0,6,4,0,0,3,2,0,0,3,1,2,5,1,1,0,0,4,1,1,0,1,2,0,0,2,3,4,5,3,4,0,0,1,1,2,2,1,2,3,4,0,0,0,0,0,0,3,4,0,0,0,0,0,0,1,5,0,0,0,0,0,0,3,1,0,0,0,0,0,0,2,6,0,0,0,0,0,0,1,2,0,0,0,0,0,0,0,0,0,0,0,0,0,0,3,2,0,0,0,0,0,0,1,1,0,0,0,0,0,0,1,0,0,0,0,0,0,0,0,0,0,0,0,0,0,0,3,3,0,0,0,0,0,0,7,2,0,0,0,0,0,0,2,1,0,0,0,0,0,0,0,0,0,0,0,0,0,0,2,2,0,0,0,0,0,0,3,0,1,0,0,0,0,0
9B,0,0,27,27,21,19,32,18,0,0,24,20,31,24,26,16,0,0,20,15,22,17,11,17,0,0,13,17,29,19,25,16,0,0,25,28,25,24,41,20,0,0,20,17,21,15,21,22,0,1,19,23,23,9,25,17,0,0,16,16,23,14,17,15,0,0,20,18,24,18,11,15,0,0,23,21,22,28,18,12,0,0,21,16,20,22,31,23,0,0,24,26,29,20,25,20,36,27,0,0,0,0,0,0,19,14,0,0,0,0,0,0,27,18,0,0,0,0,0,0,33,23,0,0,0,0,0,0,23,21,0,0,0,1,0,0,12,8,0,0,0,0,0,0,6,4,0,0,0,0,0,0,23,14,0,0,0,0,0,0,12,7,0,0,0,0,0,0,5,6,0,0,0,0,0,0,0,2,0,0,0,0,0,0,15,23,0,0,0,0,0,0,44,36,0,0,0,0,1,0,24,7,0,0,0,0,0,1,7,5,0,0,0,0,0,0,12,7,0,0,0,0,0,0,13,11,0,0,0,0,0,0
9C,0,0,7,9,8,7,9,5,0,0,7,5,5,7,3,3,0,0,9,5,8,5,5,4,0,0,9,4,11,8,3,4,0,0,7,7,7,13,5,8,0,0,7,10,8,11,5,6,0,0,4,6,9,3,7,4,0,0,6,6,10,8,12,5,0,0,6,10,6,9,3,4,0,0,12,6,2,7,13,4,0,0,7,9,19,5,10,11,0,0,8,4,10,6,7,4,13,11,0,0,0,0,0,0,4,5,0,0,0,0,0,0,11,7,0,1,0,0,0,0,19,6,0,0,0,0,0,0,12,10,0,0,0,0,0,0,4,3,0,0,0,0,0,0,2,0,0,0,0,0,0,1,5,4,0,0,0,0,0,0,4,6,0,0,0,0,0,0,2,2,0,0,0,0,0,0,1,1,0,0,0,0,0,0,3,5,0,0,0,0,0,0,12,13,0,0,0,0,0,0,4,2,0,0,0,0,0,0,4,2,0,0,0,0,0,0,5,2,0,0,0,0,0,0,6,8,0,0,0,0,0,0
9D,0,0,6,3,6,3,3,3,0,0,0,2,1,5,5,3,0,0,3,4,2,5,1,5,0,0,2,4,2,2,3,4,0,0,2,3,1,5,5,3,0,0,2,3,5,2,2,3,0,0,0,4,1,2,2,7,0,0,2,3,2,3,2,4,0,0,3,3,1,3,0,5,0,0,3,2,3,4,1,2,0,0,5,5,2,6,3,4,0,0,3,10,3,2,2,3,5,8,0,0,0,0,0,0,2,1,0,0,0,0,0,0,2,0,0,0,0,0,0,0,1,2,0,0,0,0,0,0,2,2,0,0,0,0,0,0,1,3,0,0,0,0,0,0,2,0,0,0,0,0,0,0,0,4,0,0,0,0,0,0,0,1,0,0,0,0,0,0,1,1,0,0,0,0,0,0,0,0,0,0,0,0,0,0,3,2,0,0,0,0,0,0,5,4,0,0,0,0,0,0,2,4,0,0,0,0,0,0,0,0,0,0,0,0,0,0,1,2,0,0,0,0,0,0,0,4,0,0,0,0,0,0
9E,0,0,8,9,16,8,8,5,0,0,10,7,4,6,3,3,0,0,14,10,11,2,7,4,0,0,6,3,12,6,12,8,0,0,5,7,14,2,6,5,0,0,8,5,9,7,9,9,0,0,12,9,10,8,4,6,0,0,13,6,9,8,9,7,0,0,5,11,7,7,0,5,0,0,8,6,8,1,5,3,0,0,11,4,7,8,12,11,0,0,8,6,10,5,15,6,16,9,0,0,0,0,0,0,3,5,0,0,0,0,0,0,14,11,0,0,0,0,0,0,13,8,0,0,0,0,0,0,11,8,0,0,0,0,0,0,5,4,0,0,0,0,0,0,0,0,0,0,0,0,0,0,3,5,0,0,0,0,0,0,2,3,0,0,0,0,0,0,4,3,0,0,0,0,0,0,1,2,0,0,0,0,0,0,10,6,0,0,0,0,0,0,19,14,0,0,0,0,0,0,8,7,0,0,0,0,0,0,2,4,0,0,0,0,0,0,3,2,0,0,0,0,0,0,6,7,0,0,0,0,0,0
10A,0,0,12,12,16,12,14,9,0,0,8,18,13,12,8,8,0,0,12,13,13,7,3,12,0,0,10,12,13,14,9,12,0,0,9,15,10,14,16,7,0,0,7,10,11,12,10,14,0,1,10,11,10,11,8,4,0,0,13,11,10,11,11,12,0,0,2,9,7,10,4,12,0,0,11,8,16,13,6,7,0,0,11,10,15,12,16,13,0,0,10,9,8,10,14,14,18,28,0,0,0,0,0,0,4,10,0,0,0,0,0,0,17,17,0,0,0,0,0,0,16,13,0,0,0,0,0,0,15,14,0,0,0,0,0,0,4,7,0,0,0,0,0,0,5,1,0,0,0,0,0,0,9,11,0,0,0,0,0,0,4,6,0,0,0,0,0,0,3,1,0,0,0,0,0,0,0,2,0,0,0,0,0,0,17,14,0,0,0,0,0,0,26,26,0,0,0,0,0,0,15,8,0,0,0,0,0,0,3,2,0,0,0,0,0,0,7,3,0,0,0,0,0,0,5,6,0,0,0,0,0,0
10B,0,0,15,18,10,9,18,5,0,0,10,6,11,11,6,6,0,0,10,9,8,6,11,8,0,0,6,12,11,10,8,9,0,0,12,11,13,13,10,9,0,0,12,10,9,11,14,9,0,0,8,12,13,1,8,8,0,0,8,13,9,6,9,7,0,0,8,10,7,12,5,1,0,0,10,10,6,9,6,8,0,0,11,8,8,14,11,12,0,0,14,20,16,8,9,9,17,14,0,0,0,0,0,0,12,3,0,0,0,0,0,0,21,4,0,0,0,0,0,0,20,13,0,0,0,0,0,0,13,14,0,0,0,0,0,0,8,7,0,0,0,0,0,0,2,2,0,0,0,0,0,1,8,9,0,0,0,0,0,0,6,4,0,0,0,0,0,0,2,4,0,0,0,0,0,0,1,1,0,0,0,0,0,0,4,4,0,0,0,0,0,0,17,20,0,0,0,0,0,0,5,2,0,0,0,0,0,0,1,4,0,0,0,0,0,0,5,6,0,0,0,0,0,0,7,6,0,0,0,0,0,0
10C,0,0,5,4,9,3,6,2,0,0,3,5,3,1,6,1,0,0,6,3,7,3,3,3,0,0,2,1,7,5,5,4,0,0,6,7,11,4,10,7,0,0,2,7,3,4,2,4,0,0,5,5,6,7,6,7,0,0,5,2,5,4,5,1,0,0,3,8,5,5,1,4,0,0,9,4,6,1,6,3,0,0,5,6,7,3,11,2,0,0,7,2,6,6,5,2,13,3,0,0,0,0,0,0,5,7,0,0,0,0,0,0,7,2,0,1,0,0,0,0,11,1,0,0,0,0,0,0,9,3,0,0,0,0,0,0,2,1,0,0,0,0,0,0,1,0,0,0,0,0,0,0,3,2,0,0,0,0,0,0,1,1,0,0,0,0,0,0,4,2,0,0,0,0,0,0,1,1,0,0,0,0,0,0,1,2,0,0,0,0,0,0,13,7,0,0,0,0,1,0,7,4,0,0,0,0,0,0,2,1,0,0,0,0,0,0,3,1,0,0,0,0,0,0,4,5,0,0,0,0,0,0
10D,0,0,7,10,6,7,10,12,0,0,16,2,8,11,9,8,0,0,15,8,6,8,7,7,0,0,12,3,10,6,15,4,0,0,8,11,11,9,8,9,0,0,9,8,13,8,6,9,0,0,10,10,14,6,10,12,0,0,10,6,11,8,11,9,0,0,11,10,12,10,4,4,0,0,9,7,4,10,14,5,0,0,12,6,14,6,15,13,0,0,3,6,15,6,16,6,15,12,0,0,0,0,0,0,7,5,0,0,0,0,0,0,8,12,0,0,0,0,0,0,12,7,0,0,0,0,0,0,11,7,0,0,0,0,0,0,5,2,0,0,0,0,0,0,1,0,0,0,0,0,0,0,6,0,0,0,0,0,0,0,7,6,0,0,0,0,0,0,3,5,0,0,0,0,0,0,0,1,0,0,0,0,0,0,7,15,0,0,0,0,0,0,14,10,0,0,0,0,0,0,7,7,0,0,0,0,0,0,5,3,0,0,0,0,0,0,3,2,0,0,0,0,0,0,8,5,0,0,0,0,0,0
10E,0,0,10,7,13,6,5,6,0,0,7,5,7,9,10,3,0,0,6,3,10,8,2,4,0,0,2,3,15,4,12,6,0,0,6,7,4,7,15,6,0,0,9,3,7,3,5,6,0,0,6,9,4,2,7,4,0,0,7,3,9,4,7,4,0,0,13,6,9,5,1,9,0,0,11,7,4,7,6,0,0,0,7,7,8,11,6,13,0,0,10,10,9,5,6,4,10,2,0,0,0,0,0,0,3,4,0,0,0,0,0,0,2,6,0,0,0,0,0,0,10,6,0,0,0,0,0,0,2,9,0,0,0,1,0,0,4,3,0,0,0,0,0,0,1,1,0,0,0,0,0,0,8,7,0,0,0,0,0,0,1,1,0,0,0,0,0,0,1,0,0,0,0,0,0,0,0,0,0,0,0,0,0,0,5,4,0,0,0,0,0,0,17,6,0,0,0,0,0,0,6,0,0,0,0,0,0,1,2,1,0,0,0,0,0,0,5,3,0,0,0,0,0,0,4,8,1,0,0,0,0,0
11A,0,0,12,9,11,4,13,8,0,0,10,9,9,12,8,7,0,0,11,7,13,5,7,10,0,0,6,11,15,7,11,13,0,0,12,10,13,9,14,7,0,0,11,6,6,9,12,10,0,1,10,10,3,6,8,5,0,0,4,9,9,9,11,7,0,0,5,10,12,10,3,8,0,0,14,6,5,13,8,7,0,0,8,7,12,9,13,14,0,0,11,10,10,9,15,10,18,14,0,0,0,0,0,0,6,6,0,0,0,0,0,0,9,7,0,0,0,0,0,0,10,11,0,0,0,0,0,0,10,10,0,0,0,1,0,0,6,5,0,0,0,0,0,0,4,3,0,0,0,0,0,0,7,6,0,0,0,0,0,0,2,3,0,0,0,0,0,0,2,2,0,0,0,0,0,0,0,0,0,0,0,0,0,0,5,12,0,0,0,0,0,0,28,16,0,0,0,0,1,0,7,9,0,0,0,0,0,1,3,1,0,0,0,0,0,0,6,4,0,0,0,0,0,0,7,8,0,0,0,0,0,0
11B,0,0,14,18,15,15,12,6,0,0,3,14,7,8,6,7,0,0,9,9,5,2,3,5,0,0,5,8,11,14,7,6,0,0,7,10,9,9,13,10,0,0,7,10,8,9,6,3,0,0,5,10,7,2,8,5,0,0,10,9,4,6,3,9,0,0,7,12,3,13,3,7,0,0,7,15,9,5,4,8,0,0,6,13,10,13,13,8,0,0,9,13,10,7,10,8,7,10,0,0,0,0,0,0,5,6,0,0,0,0,0,0,9,7,0,1,0,0,0,0,14,9,0,0,0,0,0,0,6,14,0,0,0,0,0,0,2,4,0,0,0,0,0,0,2,1,0,0,0,0,0,0,4,7,0,0,0,0,0,0,3,6,0,0,0,0,0,0,2,1,0,0,0,0,0,0,0,1,0,0,0,0,0,0,7,6,0,0,0,0,0,0,13,18,0,0,0,0,0,0,7,5,0,0,0,0,0,0,1,0,0,0,0,0,0,0,3,5,0,0,0,0,0,0,8,7,0,0,0,0,0,0
11C,0,0,9,11,13,9,8,11,0,0,9,2,13,10,8,4,0,0,7,7,7,11,5,9,0,0,10,6,9,5,10,6,0,0,7,14,6,10,11,2,0,0,3,4,10,4,4,11,0,0,12,7,16,11,5,9,0,0,7,7,10,8,10,3,0,0,7,7,8,7,2,3,0,0,14,9,5,6,7,4,0,0,6,8,10,8,12,7,0,0,11,8,12,5,6,10,19,12,0,0,0,0,0,0,7,6,0,0,0,0,0,0,13,10,0,0,0,0,0,0,16,8,0,0,0,0,0,0,8,9,0,0,0,0,0,0,9,4,0,0,0,0,0,0,0,0,0,0,0,0,0,0,14,8,0,0,0,0,0,0,8,3,0,0,0,0,0,0,4,3,0,0,0,0,0,0,0,1,0,0,0,0,0,0,13,5,0,0,0,0,0,0,19,17,0,0,0,0,0,0,10,2,0,0,0,0,0,0,4,5,0,0,0,0,0,0,6,3,0,0,0,0,0,0,8,10,0,0,0,0,0,0
11D,0,0,6,6,7,4,9,7,0,0,9,5,3,9,7,6,0,0,6,3,11,9,7,4,0,0,5,2,9,4,9,8,0,0,9,11,9,10,11,9,0,0,11,7,8,6,8,9,0,0,6,10,6,3,11,8,0,0,10,3,8,5,10,6,0,0,10,7,9,7,5,5,0,0,8,1,5,6,7,3,0,0,11,3,9,9,9,12,0,0,6,8,8,4,10,2,18,10,0,0,0,0,0,0,5,6,0,0,0,0,0,0,11,9,0,0,0,0,0,0,10,1,0,0,0,0,0,0,11,4,0,0,0,0,0,0,3,3,0,0,0,0,0,0,3,0,0,0,0,0,0,1,3,5,0,0,0,0,0,0,4,2,0,0,0,0,0,0,2,2,0,0,0,0,0,0,1,1,0,0,0,0,0,0,3,5,0,0,0,0,0,0,12,11,0,0,0,0,0,0,7,2,0,0,0,0,0,0,2,3,0,0,0,0,0,0,2,2,0,0,0,0,0,0,2,2,0,0,0,0,0,0
11E,0,0,8,7,8,5,11,2,0,0,13,6,10,5,10,2,0,0,16,10,8,5,4,6,0,0,6,4,12,9,12,2,0,0,6,6,12,9,10,10,0,0,7,11,11,10,7,9,0,0,6,10,15,5,7,8,0,0,12,7,13,5,9,8,0,0,8,7,8,5,2,7,0,0,7,5,12,10,12,1,0,0,15,6,11,7,12,12,0,0,7,8,14,10,9,5,11,13,0,0,0,0,0,0,8,5,0,0,0,0,0,0,13,8,0,0,0,0,0,0,19,11,0,0,0,0,0,0,15,10,0,0,0,0,0,0,3,4,0,0,0,0,0,0,1,0,0,0,0,0,0,0,6,3,0,0,0,0,0,0,2,4,0,0,0,0,0,0,3,4,0,0,0,0,0,0,1,2,0,0,0,0,0,0,6,11,0,0,0,0,0,0,15,7,0,0,0,0,0,0,9,3,0,0,0,0,0,0,3,2,0,0,0,0,0,0,6,1,0,0,0,0,0,0,3,3,1,0,0,0,0,0
12A,0,0,9,8,14,7,12,7,0,0,15,5,14,6,8,4,0,0,9,5,11,6,3,5,0,0,10,1,20,7,15,4,0,0,9,5,10,10,10,8,0,0,11,7,15,5,7,6,0,0,12,7,12,2,11,11,0,0,8,8,15,8,12,7,0,0,9,11,8,6,2,5,0,0,11,7,8,12,10,2,0,0,8,2,7,6,13,2,0,0,13,10,10,8,16,11,11,6,0,0,0,0,0,0,3,2,0,0,0,0,0,0,13,5,0,0,0,0,0,0,12,5,0,0,0,0,0,0,12,8,0,0,0,0,0,0,6,4,0,0,0,0,0,0,2,0,0,0,0,0,0,0,4,5,0,0,0,0,0,0,1,1,0,0,0,0,0,0,4,2,0,0,0,0,0,0,1,0,0,0,0,0,0,0,9,6,0,0,0,0,0,0,13,11,0,0,0,0,0,0,7,3,0,0,0,0,0,1,3,0,0,0,0,0,0,0,3,4,0,0,0,0,0,0,7,8,0,0,0,0,0,0
12B,0,0,18,16,15,13,14,14,0,0,11,21,13,22,14,12,0,0,14,14,12,10,12,14,0,0,10,14,17,15,11,20,0,0,16,22,12,16,19,16,0,0,12,10,14,14,12,14,0,0,11,19,10,12,11,7,0,0,11,11,11,13,8,12,0,0,11,15,8,18,5,18,0,0,15,16,6,16,7,8,0,0,13,17,16,21,11,28,0,0,13,17,13,12,10,15,27,24,0,0,0,0,0,0,8,13,0,0,0,0,0,0,8,15,0,1,0,0,0,0,24,10,0,0,0,0,0,0,12,20,0,0,0,1,0,0,6,10,0,0,0,0,0,0,3,3,0,0,0,0,0,1,12,13,0,0,0,0,0,0,6,4,0,0,0,0,0,0,3,5,0,0,0,0,0,0,0,3,0,0,0,0,0,0,13,16,0,0,0,0,0,0,24,32,0,0,0,0,0,0,14,6,0,0,0,0,0,0,3,3,0,0,0,0,0,0,9,5,0,0,0,0,0,0,9,7,1,0,0,0,0,0
12C,0,0,4,12,13,8,16,6,0,0,8,3,11,9,9,7,0,0,16,6,14,7,10,4,0,0,7,4,10,8,10,6,0,0,12,12,19,10,21,6,0,0,9,7,10,10,12,12,0,1,5,9,19,7,11,4,0,0,15,7,14,4,15,5,0,0,6,7,12,7,5,0,0,0,14,3,15,11,16,5,0,0,19,10,18,8,16,11,0,0,9,9,17,5,14,1,19,11,0,0,0,0,0,0,12,3,0,0,0,0,0,0,19,11,0,0,0,0,0,0,17,7,0,0,0,0,0,0,21,8,0,0,0,0,0,0,4,3,0,0,0,0,0,0,2,1,0,0,0,0,0,0,12,4,0,0,0,0,0,0,6,8,0,0,0,0,0,0,3,1,0,0,0,0,0,0,1,1,0,0,0,0,0,0,8,4,0,0,0,0,0,0,34,11,0,0,0,0,0,0,13,3,0,0,0,0,0,0,5,3,0,0,0,0,0,0,4,5,0,0,0,0,0,0,6,6,0,0,0,0,0,0
12D,0,0,5,5,4,1,2,0,0,0,3,1,1,2,4,0,0,0,5,3,3,2,1,1,0,0,1,6,4,2,4,0,0,0,2,3,2,2,4,0,0,0,1,3,2,3,3,0,0,0,3,7,0,2,0,1,0,0,5,4,1,0,2,1,0,0,0,2,3,3,1,2,0,0,4,2,2,0,1,2,0,0,2,2,3,2,4,4,0,0,1,4,5,2,1,1,7,4,0,0,0,0,0,0,2,5,0,0,0,0,0,0,2,5,0,0,0,0,0,0,6,7,0,0,0,0,0,0,1,3,0,0,0,0,0,0,2,1,0,0,0,0,0,0,2,0,0,0,0,0,0,0,0,0,0,0,0,0,0,0,0,1,0,0,0,0,0,0,1,2,0,0,0,0,0,0,0,1,0,0,0,0,0,0,1,4,0,0,0,0,0,0,4,6,0,0,0,0,0,0,2,1,0,0,0,0,0,0,1,1,0,0,0,0,0,0,1,0,0,0,0,0,0,0,3,1,0,0,0,0,0,0
12E,0,0,13,10,8,8,9,7,0,0,7,6,3,5,4,3,0,0,5,8,4,7,0,10,0,0,4,6,5,7,9,5,0,0,2,9,6,9,5,8,0,0,6,11,2,6,3,10,0,0,8,5,6,4,6,12,0,0,4,5,3,8,6,8,0,0,11,8,9,8,2,5,0,0,6,8,5,1,4,6,0,0,4,6,8,9,15,8,0,0,8,7,9,8,9,7,9,14,0,0,0,0,0,0,6,6,0,0,0,0,0,0,13,5,0,0,0,0,0,0,10,11,0,0,0,0,0,0,4,8,0,0,0,0,0,0,5,2,0,0,0,0,0,0,1,0,0,0,0,0,0,0,6,7,0,0,0,0,0,0,6,4,0,0,0,0,0,0,2,2,0,0,0,0,0,0,0,0,0,0,0,0,0,0,3,9,0,0,0,0,0,0,12,9,0,0,0,0,1,0,4,8,0,0,0,0,0,0,1,4,0,0,0,0,0,0,6,1,0,0,0,0,0,0,3,8,0,0,0,0,0,0
13A,0,0,3,4,3,3,7,6,0,0,7,5,4,5,5,1,0,0,7,1,2,4,6,6,0,0,4,2,8,4,10,3,0,0,6,3,4,5,6,3,0,0,2,3,11,2,0,5,0,0,2,7,5,4,2,1,0,0,5,2,6,0,3,2,0,0,4,0,2,1,2,1,0,0,5,4,3,2,4,2,0,0,9,3,2,8,10,7,0,0,6,11,4,8,3,4,4,8,0,0,0,0,0,0,3,2,0,0,0,0,0,0,4,3,0,0,0,0,0,0,7,3,0,0,0,0,0,0,10,6,0,0,0,0,0,0,7,2,0,0,0,0,0,0,0,0,0,0,0,0,0,0,3,0,0,0,0,0,0,0,3,2,0,0,0,0,0,0,2,2,0,0,0,0,0,0,0,0,0,0,0,0,0,0,2,2,0,0,0,0,0,0,11,9,0,0,0,0,0,0,3,4,0,0,0,0,0,0,1,0,0,0,0,0,0,0,4,1,0,0,0,0,0,0,0,2,0,0,0,0,0,0
13B,0,0,19,16,17,7,14,8,0,0,18,12,14,12,10,5,0,0,11,18,18,10,5,6,0,0,10,8,19,10,17,14,0,0,13,19,16,11,22,14,0,0,11,9,11,13,16,13,0,1,9,11,17,9,17,10,0,0,11,14,12,11,13,6,0,0,9,13,14,9,5,6,0,0,13,10,11,11,10,3,0,0,11,11,15,12,9,12,0,0,14,15,19,9,18,11,24,15,0,0,0,0,0,0,13,8,0,0,0,0,0,0,12,17,0,0,0,0,0,0,21,19,0,0,0,0,0,0,17,15,0,0,0,0,0,0,3,9,0,0,0,0,0,0,4,0,0,0,0,0,0,0,11,9,0,0,0,0,0,0,9,3,0,0,0,0,0,0,2,1,0,0,0,0,0,0,0,0,0,0,0,0,0,0,11,15,0,0,0,0,0,0,30,23,0,0,0,0,0,0,8,6,0,0,0,0,0,0,5,6,0,0,0,0,0,0,11,4,0,0,0,0,0,0,6,15,0,0,0,0,0,0
13C,0,0,5,10,6,6,3,1,0,0,1,4,4,4,2,2,0,0,4,1,4,4,1,6,0,0,3,6,5,6,7,0,0,0,5,12,4,6,5,7,0,0,3,8,0,7,5,4,0,0,6,1,3,2,2,3,0,0,5,2,5,2,3,5,0,0,3,3,2,2,1,5,0,0,2,4,2,8,2,4,0,0,5,1,4,6,9,6,0,0,4,6,4,0,3,4,6,10,0,0,0,0,0,0,3,6,0,0,0,0,0,0,4,2,0,0,0,0,0,0,7,6,0,0,0,0,0,0,3,4,0,0,0,0,0,0,1,3,0,0,0,0,0,0,1,1,0,0,0,0,0,0,2,2,0,0,0,0,0,0,1,3,0,0,0,0,0,0,2,2,0,0,0,0,0,0,0,2,0,0,0,0,0,0,3,4,0,0,0,0,0,0,5,9,0,0,0,0,0,0,6,4,0,0,0,0,0,0,1,0,0,0,0,0,0,0,1,2,0,0,0,0,0,0,2,3,0,0,0,0,0,0
13D,0,0,11,15,18,12,20,12,0,0,13,12,11,14,13,14,0,0,11,5,13,9,5,10,0,0,13,9,13,8,9,13,0,0,5,6,17,18,20,11,0,0,15,11,14,10,11,14,0,0,9,15,15,7,17,18,0,0,9,8,10,10,8,12,0,0,14,17,13,17,3,15,0,0,16,9,17,16,17,12,0,0,12,13,23,16,17,13,0,0,11,4,19,11,19,8,19,13,0,0,0,0,0,0,8,8,0,0,0,0,0,0,24,9,0,0,0,0,0,0,18,9,0,0,0,0,0,0,12,14,0,0,0,1,0,0,8,4,0,0,0,0,0,0,1,1,0,0,0,0,0,1,7,11,0,0,0,0,0,0,5,4,0,0,0,0,0,0,4,4,0,0,0,0,0,0,1,1,0,0,0,0,0,0,9,11,0,0,0,0,0,0,19,19,0,0,0,0,0,0,10,5,0,0,0,0,0,0,4,2,0,0,0,0,0,0,5,4,0,0,0,0,0,0,12,7,0,0,0,0,0,0
13E,0,0,11,6,10,9,9,7,0,0,5,3,9,9,9,4,0,0,16,11,7,5,9,6,0,0,2,6,11,11,6,5,0,0,12,11,8,7,6,3,0,0,8,7,7,6,5,6,0,0,13,13,7,5,1,3,0,0,13,9,11,10,16,8,0,0,7,10,9,13,4,3,0,0,14,9,3,3,5,2,0,0,9,9,8,4,14,15,0,0,9,11,8,7,7,8,20,13,0,0,0,0,0,0,4,5,0,0,0,0,0,0,11,10,0,1,0,0,0,0,16,3,0,0,0,0,0,0,8,8,0,0,0,0,0,0,4,2,0,0,0,0,0,0,4,2,0,0,0,0,0,0,11,7,0,0,0,0,0,0,1,6,0,0,0,0,0,0,3,3,0,0,0,0,0,0,1,2,0,0,0,0,0,0,9,7,0,0,0,0,0,0,22,9,0,0,0,0,1,0,13,2,0,0,0,0,0,1,2,3,0,0,0,0,0,0,2,4,0,0,0,0,0,0,8,3,1,0,0,0,0,0
14A,0,0,8,10,7,6,4,4,0,0,2,4,5,6,3,2,0,0,4,7,4,4,3,3,0,0,1,5,2,7,2,12,0,0,4,6,9,7,6,4,0,0,3,8,7,7,5,4,0,0,4,6,3,4,3,7,0,0,4,7,10,3,6,4,0,0,3,9,5,7,1,7,0,0,4,16,5,5,6,4,0,0,2,7,4,5,5,8,0,0,4,6,5,5,9,6,9,13,0,0,0,0,0,0,4,5,0,0,0,0,0,0,9,11,0,0,0,0,0,0,12,10,0,0,0,0,0,0,8,8,0,0,0,0,0,0,4,0,0,0,0,0,0,0,3,0,0,0,0,0,0,0,3,5,0,0,0,0,0,0,0,4,0,0,0,0,0,0,1,0,0,0,0,0,0,0,0,0,0,0,0,0,0,0,4,10,0,0,0,0,0,0,10,17,0,0,0,0,0,0,4,3,0,0,0,0,0,0,0,3,0,0,0,0,0,0,3,4,0,0,0,0,0,0,3,5,0,0,0,0,0,0
14B,0,0,6,6,4,4,5,5,0,0,7,4,2,3,5,5,0,0,4,2,7,5,0,5,0,0,8,6,6,1,3,3,0,0,5,8,5,11,5,5,0,0,8,4,5,6,5,3,0,0,5,9,5,1,4,3,0,0,7,6,11,6,5,2,0,0,5,7,6,6,4,2,0,0,5,2,9,5,4,2,0,0,9,4,10,6,6,9,0,0,7,5,7,9,8,4,4,5,0,0,0,0,0,0,6,4,0,0,0,0,0,0,15,6,0,0,0,0,0,0,13,5,0,0,0,0,0,0,4,6,0,0,0,0,0,0,3,1,0,0,0,0,0,0,1,0,0,0,0,0,0,0,7,4,0,0,0,0,0,0,5,2,0,0,0,0,0,0,0,3,0,0,0,0,0,0,1,1,0,0,0,0,0,0,5,5,0,0,0,0,0,0,6,8,0,0,0,0,0,0,6,1,0,0,0,0,0,0,4,1,0,0,0,0,0,0,3,1,0,0,0,0,0,0,4,5,0,0,0,0,0,0
14C,0,0,21,9,24,14,29,9,0,0,24,13,25,20,20,8,0,0,23,12,17,14,15,7,0,0,15,9,36,10,30,8,0,0,19,15,19,10,31,15,0,0,15,14,19,9,19,17,0,1,16,16,23,12,19,12,0,0,27,7,16,12,15,13,0,0,20,7,20,11,6,8,0,0,31,10,10,16,11,10,0,0,26,8,21,15,29,18,0,0,17,15,23,12,22,10,32,22,0,0,0,0,0,0,11,8,0,0,0,0,0,0,16,11,0,0,0,0,0,0,23,9,0,0,0,0,0,0,22,13,0,0,0,1,0,0,8,5,0,0,0,0,0,0,5,1,0,0,0,0,0,1,13,6,0,0,0,0,0,0,9,6,0,0,0,0,0,0,8,2,0,0,0,0,0,0,0,1,0,0,0,0,0,0,12,7,0,0,0,0,0,0,38,20,0,0,0,0,1,0,14,8,0,0,0,0,0,1,6,2,0,0,0,0,0,0,10,3,0,0,0,0,0,0,17,9,1,0,0,0,0,0
14D,0,0,7,15,9,6,7,10,0,0,4,6,6,7,6,5,0,0,7,10,5,4,5,13,0,0,4,5,3,9,9,6,0,0,3,14,6,10,10,9,0,0,7,9,4,10,5,12,0,0,8,5,9,5,3,8,0,0,3,8,2,7,5,8,0,0,5,5,3,11,0,6,0,0,5,5,5,7,9,2,0,0,3,9,5,5,11,10,0,0,5,17,8,6,6,8,11,10,0,0,0,0,0,0,4,8,0,0,0,0,0,0,6,5,0,0,0,0,0,0,13,11,0,0,0,0,0,0,7,9,0,0,0,0,0,0,6,9,0,0,0,0,0,0,0,1,0,0,0,0,0,0,6,5,0,0,0,0,0,0,3,1,0,0,0,0,0,0,3,5,0,0,0,0,0,0,1,2,0,0,0,0,0,0,6,7,0,0,0,0,0,0,19,14,0,0,0,0,0,0,7,5,0,0,0,0,0,0,1,4,0,0,0,0,0,0,4,4,0,0,0,0,0,0,3,8,0,0,0,0,0,0
14E,0,0,7,11,10,7,8,6,0,0,7,9,4,8,5,6,0,0,11,5,11,5,3,6,0,0,4,6,9,12,5,6,0,0,10,8,10,9,7,5,0,0,6,3,8,6,3,6,0,0,6,11,7,5,10,5,0,0,2,7,5,5,12,6,0,0,4,15,6,7,4,7,0,0,5,3,7,7,8,5,0,0,6,9,12,15,8,8,0,0,11,4,11,3,5,7,17,9,0,0,0,0,0,0,6,4,0,0,0,0,0,0,9,8,0,1,0,0,0,0,8,5,0,0,0,0,0,0,9,11,0,0,0,0,0,0,2,5,0,0,0,0,0,0,1,2,0,0,0,0,0,0,5,9,0,0,0,0,0,0,2,5,0,0,0,0,0,0,1,2,0,0,0,0,0,0,0,1,0,0,0,0,0,0,7,10,0,0,0,0,0,0,14,10,0,0,0,0,0,0,9,4,0,0,0,0,0,0,2,1,0,0,0,0,0,0,3,3,0,0,0,0,0,0,1,3,0,0,0,0,0,0
15A,0,0,8,2,6,5,7,1,0,0,7,4,5,3,7,3,0,0,8,3,3,2,6,5,0,0,8,2,2,4,6,4,0,0,5,2,4,2,7,3,0,0,2,4,6,3,6,3,0,0,3,3,2,2,4,1,0,0,7,2,4,3,2,1,0,0,3,2,5,1,3,4,0,0,11,1,3,3,4,0,0,0,7,4,10,3,7,3,0,0,6,2,8,4,7,4,11,4,0,0,0,0,0,0,1,2,0,0,0,0,0,0,7,7,0,0,0,0,0,0,10,0,0,0,0,0,0,0,6,5,0,0,0,0,0,0,3,0,0,0,0,0,0,0,0,1,0,0,0,0,0,0,2,3,0,0,0,0,0,0,1,1,0,0,0,0,0,0,0,2,0,0,0,0,0,0,0,1,0,0,0,0,0,0,6,2,0,0,0,0,0,0,9,7,0,0,0,0,0,0,6,3,0,0,0,0,0,0,1,1,0,0,0,0,0,0,2,0,0,0,0,0,0,0,0,2,0,0,0,0,0,0
15B,0,0,12,9,3,4,16,5,0,0,8,8,13,9,9,4,0,0,11,3,9,7,8,7,0,0,5,6,17,6,10,4,0,0,8,2,11,7,16,6,0,0,9,6,9,6,7,6,0,0,6,8,10,5,8,6,0,0,8,5,13,5,10,4,0,0,11,9,14,12,4,3,0,0,10,8,5,2,5,1,0,0,8,5,11,9,14,5,0,0,15,5,11,6,7,3,16,5,0,0,0,0,0,0,8,7,0,0,0,0,0,0,14,2,0,0,0,0,0,0,16,7,0,0,0,0,0,0,6,8,0,0,0,0,0,0,3,2,0,0,0,0,0,0,2,1,0,0,0,0,0,0,9,3,0,0,0,0,0,0,5,4,0,0,0,0,0,0,3,3,0,0,0,0,0,0,0,1,0,0,0,0,0,0,6,2,0,0,0,0,0,0,24,12,0,0,0,0,1,0,10,6,0,0,0,0,0,0,3,0,0,0,0,0,0,0,5,0,0,0,0,0,0,0,6,2,1,0,0,0,0,0
15C,0,0,6,4,5,7,2,8,0,0,5,3,5,6,4,2,0,0,4,4,4,2,0,6,0,0,4,3,5,7,5,5,0,0,0,6,5,5,2,5,0,0,4,3,3,8,1,3,0,0,4,9,3,2,5,1,0,0,4,3,4,1,3,3,0,0,4,5,5,3,1,3,0,0,6,6,2,3,3,5,0,0,5,3,4,0,7,4,0,0,2,3,4,1,1,2,7,5,0,0,0,0,0,0,2,8,0,0,0,0,0,0,5,6,0,0,0,0,0,0,5,5,0,0,0,0,0,0,4,5,0,0,0,0,0,0,3,2,0,0,0,0,0,0,0,0,0,0,0,0,0,0,2,5,0,0,0,0,0,0,3,1,0,0,0,0,0,0,2,4,0,0,0,0,0,0,1,0,0,0,0,0,0,0,2,8,0,0,0,0,0,0,8,8,0,0,0,0,0,0,1,2,0,0,0,0,0,1,1,1,0,0,0,0,0,0,2,2,0,0,0,0,0,0,3,4,0,0,0,0,0,0
15D,0,0,8,14,18,4,13,6,0,0,12,3,7,9,12,4,0,0,7,5,7,6,6,3,0,0,8,6,18,6,11,9,0,0,14,12,16,8,18,6,0,0,13,5,13,10,13,5,0,0,12,4,8,5,7,4,0,0,10,9,7,4,14,5,0,0,6,5,6,4,4,5,0,0,8,3,14,8,12,4,0,0,12,3,15,8,15,10,0,0,5,7,10,7,14,3,15,16,0,0,0,0,0,0,5,4,0,0,0,0,0,0,13,5,0,1,0,0,0,0,18,14,0,0,0,0,0,0,12,3,0,0,0,0,0,0,5,6,0,0,0,0,0,0,3,1,0,0,0,0,0,1,7,4,0,0,0,0,0,0,4,3,0,0,0,0,0,0,2,0,0,0,0,0,0,0,0,2,0,0,0,0,0,0,12,10,0,0,0,0,0,0,15,11,0,0,0,0,0,0,11,3,0,0,0,0,0,0,5,2,0,0,0,0,0,0,6,3,0,0,0,0,0,0,11,5,0,0,0,0,0,0
15E,0,0,15,22,22,17,15,14,0,0,12,18,12,17,7,13,0,0,19,21,21,15,6,13,0,0,7,14,14,16,17,13,0,0,14,29,13,25,16,18,0,0,11,20,12,11,10,25,0,1,14,23,24,13,15,23,0,0,14,16,16,20,14,20,0,0,13,22,10,22,3,15,0,0,15,18,12,24,14,13,0,0,14,22,12,26,16,31,0,0,16,30,21,17,21,23,24,29,0,0,0,0,0,0,15,8,0,0,0,0,0,0,16,21,0,0,0,0,0,0,20,14,0,0,0,0,0,0,22,26,0,0,0,1,0,0,9,10,0,0,0,0,0,0,5,1,0,0,0,0,0,0,14,14,0,0,0,0,0,0,6,9,0,0,0,0,0,0,6,3,0,0,0,0,0,0,1,1,0,0,0,0,0,0,8,17,0,0,0,0,0,0,31,31,0,0,0,0,0,0,12,7,0,0,0,0,0,0,3,7,0,0,0,0,0,0,8,10,0,0,0,0,0,0,8,17,0,0,0,0,0,0
16A,0,0,1,8,6,8,2,3,0,0,9,8,4,4,5,3,0,0,3,9,5,3,1,5,0,0,4,7,11,5,3,7,0,0,4,6,3,5,9,1,0,0,5,7,3,7,5,8,0,0,4,2,3,2,3,4,0,0,4,9,5,4,3,9,0,0,4,5,5,8,2,3,0,0,5,4,6,11,2,5,0,0,4,5,2,11,9,5,0,0,3,7,4,3,3,5,4,11,0,0,0,0,0,0,0,5,0,0,0,0,0,0,11,6,0,1,0,0,0,0,10,7,0,0,0,0,0,0,6,4,0,0,0,0,0,0,3,2,0,0,0,0,0,0,1,0,0,0,0,0,0,0,5,7,0,0,0,0,0,0,1,1,0,0,0,0,0,0,2,1,0,0,0,0,0,0,2,0,0,0,0,0,0,0,3,5,0,0,0,0,0,0,15,9,0,0,0,0,0,0,5,4,0,0,0,0,0,0,0,4,0,0,0,0,0,0,4,3,0,0,0,0,0,0,3,7,0,0,0,0,0,0
16B,0,0,16,15,13,8,14,11,0,0,9,11,12,9,7,9,0,0,16,7,14,8,11,6,0,0,10,4,10,4,13,11,0,0,13,14,20,7,13,8,0,0,13,4,13,7,9,4,0,1,7,11,17,7,11,4,0,0,13,10,10,4,17,4,0,0,14,13,11,12,4,12,0,0,17,7,12,7,16,4,0,0,14,11,19,8,13,11,0,0,14,6,15,9,11,6,28,15,0,0,0,0,0,0,7,9,0,0,0,0,0,0,15,12,0,0,0,0,0,0,20,9,0,0,0,0,0,0,9,19,0,0,0,0,0,0,7,1,0,0,0,0,0,0,4,2,0,0,0,0,0,1,14,6,0,0,0,0,0,0,8,5,0,0,0,0,0,0,4,3,0,0,0,0,0,0,0,2,0,0,0,0,0,0,8,10,0,0,0,0,0,0,25,17,0,0,0,0,0,0,20,3,0,0,0,0,0,0,5,1,0,0,0,0,0,0,2,3,0,0,0,0,0,0,10,8,1,0,0,0,0,0
16C,0,0,4,3,2,2,10,4,0,0,3,0,4,1,4,0,0,0,5,2,5,2,3,3,0,0,3,2,6,2,1,1,0,0,5,4,3,5,1,3,0,0,5,4,5,2,4,2,0,0,7,3,3,1,5,2,0,0,3,2,4,1,1,3,0,0,2,2,1,0,1,0,0,0,5,1,6,2,3,1,0,0,1,4,2,3,10,4,0,0,4,2,5,3,6,1,6,6,0,0,0,0,0,0,8,4,0,0,0,0,0,0,4,3,0,0,0,0,0,0,8,7,0,0,0,0,0,0,3,2,0,0,0,0,0,0,4,2,0,0,0,0,0,0,1,1,0,0,0,0,0,0,3,2,0,0,0,0,0,0,2,1,0,0,0,0,0,0,0,0,0,0,0,0,0,0,0,1,0,0,0,0,0,0,8,1,0,0,0,0,0,0,10,5,0,0,0,0,0,0,5,1,0,0,0,0,0,0,1,0,0,0,0,0,0,0,3,3,0,0,0,0,0,0,3,0,0,0,0,0,0,0
16D,0,0,9,10,13,6,17,11,0,0,9,7,9,16,14,3,0,0,9,6,10,8,8,12,0,0,10,8,13,11,14,6,0,0,6,9,9,12,15,11,0,0,6,12,8,9,6,14,0,0,8,12,11,11,9,16,0,0,9,6,14,9,9,6,0,0,5,8,9,10,3,7,0,0,10,15,9,8,5,3,0,0,9,4,16,13,15,17,0,0,6,11,18,10,8,10,12,10,0,0,0,0,0,0,7,1,0,0,0,0,0,0,6,9,0,0,0,0,0,0,14,11,0,0,0,0,0,0,15,8,0,0,0,0,0,0,4,7,0,0,0,0,0,0,1,0,0,0,0,0,0,0,9,8,0,0,0,0,0,0,2,5,0,0,0,0,0,0,4,2,0,0,0,0,0,0,0,2,0,0,0,0,0,0,9,12,0,0,0,0,0,0,16,19,0,0,0,0,1,0,5,7,0,0,0,0,0,0,3,5,0,0,0,0,0,0,7,4,0,0,0,0,0,0,5,5,0,0,0,0,0,0
16E,0,0,19,15,20,13,10,5,0,0,14,10,13,14,9,11,0,0,16,12,10,11,3,8,0,0,5,10,16,17,18,10,0,0,13,18,14,18,21,15,0,0,10,11,14,13,13,14,0,0,13,19,13,6,11,9,0,0,14,8,11,15,13,11,0,0,12,15,14,12,5,8,0,0,13,9,3,12,12,10,0,0,18,13,13,11,12,16,0,0,17,21,12,10,22,13,23,17,0,0,0,0,0,0,9,10,0,0,0,0,0,0,19,11,0,0,0,0,0,0,17,6,0,0,0,0,0,0,17,14,0,0,0,1,0,0,5,8,0,0,0,0,0,0,3,1,0,0,0,0,0,0,3,6,0,0,0,0,0,0,6,6,0,0,0,0,0,0,3,6,0,0,0,0,0,0,0,0,0,0,0,0,0,0,6,11,0,0,0,0,0,0,21,19,0,0,0,0,0,0,5,6,0,0,0,0,0,1,4,1,0,0,0,0,0,0,7,2,0,0,0,0,0,0,7,10,0,0,0,0,0,0
17A,0,0,4,10,7,5,4,2,0,0,2,6,6,4,6,1,0,0,5,3,4,2,1,2,0,0,10,5,7,9,6,1,0,0,5,7,10,6,6,2,0,0,7,5,4,3,5,3,0,0,4,9,11,5,5,3,0,0,9,4,6,4,6,2,0,0,5,8,3,4,1,1,0,0,5,10,6,7,3,2,0,0,4,2,4,6,6,1,0,0,5,6,8,7,12,3,10,11,0,0,0,0,0,0,6,3,0,0,0,0,0,0,12,5,0,0,0,0,0,0,13,6,0,0,0,0,0,0,7,13,0,0,0,0,0,0,13,5,0,0,0,0,0,0,0,0,0,0,0,0,0,1,7,5,0,0,0,0,0,0,7,5,0,0,0,0,0,0,1,3,0,0,0,0,0,0,0,1,0,0,0,0,0,0,6,5,0,0,0,0,0,0,9,10,0,0,0,0,0,0,6,4,0,0,0,0,0,0,1,2,0,0,0,0,0,0,1,3,0,0,0,0,0,0,4,4,0,0,0,0,0,0
17B,0,0,10,17,12,11,20,14,0,0,12,9,12,15,10,7,0,0,7,9,11,11,7,10,0,0,4,5,19,11,17,16,0,0,14,9,9,19,17,9,0,0,6,15,11,5,8,15,0,0,10,13,12,7,8,11,0,0,12,12,9,8,7,9,0,0,4,8,9,13,6,11,0,0,10,6,7,19,11,9,0,0,11,8,14,17,16,21,0,0,10,14,14,14,9,6,17,9,0,0,0,0,0,0,7,10,0,0,0,0,0,0,15,7,0,0,0,0,0,0,15,10,0,0,0,0,0,0,12,11,0,0,0,0,0,0,5,5,0,0,0,0,0,0,2,2,0,0,0,0,0,0,7,7,0,0,0,0,0,0,4,1,0,0,0,0,0,0,6,2,0,0,0,0,0,0,0,1,0,0,0,0,0,0,12,7,0,0,0,0,0,0,23,13,0,0,0,0,0,0,14,4,0,0,0,0,0,0,2,2,0,0,0,0,0,0,8,5,0,0,0,0,0,0,7,5,1,0,0,0,0,0
17C,0,0,7,4,11,3,10,4,0,0,12,1,7,3,7,1,0,0,11,6,4,2,2,7,0,0,3,7,11,5,5,1,0,0,3,6,8,5,3,3,0,0,6,4,7,6,8,4,0,0,5,5,4,3,3,2,0,0,6,5,7,2,6,5,0,0,8,2,6,3,3,2,0,0,6,7,4,0,6,3,0,0,10,6,8,3,2,4,0,0,7,6,11,3,4,6,11,8,0,0,0,0,0,0,2,4,0,0,0,0,0,0,5,7,0,0,0,0,0,0,10,3,0,0,0,0,0,0,6,2,0,0,0,0,0,0,2,1,0,0,0,0,0,0,0,1,0,0,0,0,0,0,5,6,0,0,0,0,0,0,1,4,0,0,0,0,0,0,2,2,0,0,0,0,0,0,1,1,0,0,0,0,0,0,4,4,0,0,0,0,0,0,15,8,0,0,0,0,0,0,4,1,0,0,0,0,0,0,1,0,0,0,0,0,0,0,3,2,0,0,0,0,0,0,4,6,0,0,0,0,0,0
17D,0,0,16,10,14,9,10,9,0,0,9,8,14,12,9,9,0,0,17,10,15,9,4,7,0,0,5,8,10,7,8,11,0,0,13,17,6,9,18,14,0,0,11,7,13,14,9,12,0,0,11,5,9,7,12,14,0,0,8,9,11,10,12,14,0,0,7,13,6,9,3,7,0,0,10,3,10,11,7,3,0,0,14,8,8,9,18,14,0,0,15,11,9,5,9,9,13,18,0,0,0,0,0,0,7,5,0,0,0,0,0,0,10,7,0,1,0,0,0,0,19,10,0,0,0,0,0,0,8,13,0,0,0,0,0,0,1,6,0,0,0,0,0,0,2,1,0,0,0,0,0,0,7,6,0,0,0,0,0,0,5,5,0,0,0,0,0,0,1,3,0,0,0,0,0,0,0,2,0,0,0,0,0,0,7,13,0,0,0,0,0,0,18,18,0,0,0,0,1,0,8,9,0,0,0,0,0,1,6,3,0,0,0,0,0,0,6,4,0,0,0,0,0,0,9,10,0,0,0,0,0,0
17E,0,0,12,10,10,9,9,5,0,0,9,12,3,10,7,8,0,0,9,8,10,8,12,8,0,0,10,6,9,7,13,6,0,0,6,12,16,8,15,10,0,0,9,7,8,10,7,8,0,1,9,15,11,5,11,5,0,0,8,5,11,9,12,3,0,0,13,12,16,13,2,9,0,0,19,10,9,3,11,6,0,0,7,13,18,11,17,13,0,0,7,10,12,6,16,11,22,13,0,0,0,0,0,0,9,7,0,0,0,0,0,0,13,15,0,0,0,0,0,0,12,11,0,0,0,0,0,0,17,8,0,0,0,1,0,0,2,3,0,0,0,0,0,0,6,0,0,0,0,0,0,0,8,5,0,0,0,0,0,0,2,3,0,0,0,0,0,0,3,2,0,0,0,0,0,0,1,0,0,0,0,0,0,0,5,10,0,0,0,0,0,0,22,20,0,0,0,0,0,0,8,3,0,0,0,0,0,0,3,4,0,0,0,0,0,0,5,1,0,0,0,0,0,0,4,5,0,0,0,0,0,0
18A,0,0,18,16,15,11,14,10,0,0,10,13,17,10,12,5,0,0,15,12,9,9,7,10,0,0,9,3,17,14,13,7,0,0,14,14,23,13,12,9,0,0,13,7,12,13,10,10,0,0,8,15,18,9,8,10,0,0,12,15,20,10,11,10,0,0,7,14,6,8,6,3,0,0,16,11,13,14,7,9,0,0,10,7,11,9,21,8,0,0,14,16,16,9,11,13,32,13,0,0,0,0,0,0,13,11,0,0,0,0,0,0,15,13,0,1,0,0,0,0,26,15,0,0,0,0,0,0,26,12,0,0,0,1,0,0,11,10,0,0,0,0,0,0,6,2,0,0,0,0,0,1,11,14,0,0,0,0,0,0,9,10,0,0,0,0,0,0,3,4,0,0,0,0,0,0,1,0,0,0,0,0,0,0,12,13,0,0,0,0,0,0,30,23,0,0,0,0,0,0,10,7,0,0,0,0,0,0,2,2,0,0,0,0,0,0,9,2,0,0,0,0,0,0,11,10,0,0,0,0,0,0
18B,0,0,12,17,14,18,12,9,0,0,15,10,6,13,6,8,0,0,10,8,8,9,9,6,0,0,10,9,12,7,14,14,0,0,5,12,11,13,11,13,0,0,8,14,5,12,8,6,0,1,8,9,14,6,10,9,0,0,9,7,8,11,10,5,0,0,8,11,12,14,2,7,0,0,9,6,5,13,16,9,0,0,12,8,11,10,13,11,0,0,6,8,10,5,7,9,14,15,0,0,0,0,0,0,7,6,0,0,0,0,0,0,12,12,0,0,0,0,0,0,15,7,0,0,0,0,0,0,7,14,0,0,0,0,0,0,3,3,0,0,0,0,0,0,1,2,0,0,0,0,0,0,14,3,0,0,0,0,0,0,3,2,0,0,0,0,0,0,3,4,0,0,0,0,0,0,0,1,0,0,0,0,0,0,5,12,0,0,0,0,0,0,16,20,0,0,0,0,0,0,9,4,0,0,0,0,0,0,2,1,0,0,0,0,0,0,5,4,0,0,0,0,0,0,7,6,0,0,0,0,0,0
18C,0,0,6,1,4,4,5,4,0,0,2,4,2,4,5,3,0,0,5,4,6,5,2,5,0,0,4,4,5,5,2,2,0,0,2,4,5,7,4,2,0,0,2,6,5,1,3,5,0,0,4,5,3,4,1,0,0,0,4,1,0,6,3,3,0,0,2,3,2,5,0,3,0,0,5,6,4,3,3,2,0,0,5,5,4,3,8,11,0,0,5,5,2,7,6,7,6,8,0,0,0,0,0,0,3,0,0,0,0,0,0,0,1,1,0,0,0,0,0,0,5,4,0,0,0,0,0,0,3,2,0,0,0,0,0,0,1,3,0,0,0,0,0,0,0,0,0,0,0,0,0,0,2,2,0,0,0,0,0,0,0,3,0,0,0,0,0,0,0,2,0,0,0,0,0,0,0,0,0,0,0,0,0,0,2,3,0,0,0,0,0,0,10,2,0,0,0,0,0,0,5,2,0,0,0,0,0,1,2,0,0,0,0,0,0,0,1,1,0,0,0,0,0,0,1,3,0,0,0,0,0,0
18D,0,0,9,12,15,2,14,5,0,0,8,6,7,11,9,7,0,0,9,6,13,5,2,8,0,0,6,7,16,6,11,6,0,0,11,10,5,8,19,9,0,0,12,6,16,7,8,15,0,0,9,7,11,5,13,10,0,0,11,6,10,3,13,5,0,0,14,9,12,5,6,10,0,0,11,7,9,4,10,1,0,0,13,10,16,10,16,9,0,0,9,9,16,8,18,5,9,8,0,0,0,0,0,0,2,5,0,0,0,0,0,0,12,4,0,0,0,0,0,0,10,5,0,0,0,0,0,0,7,8,0,0,0,0,0,0,4,1,0,0,0,0,0,0,1,0,0,0,0,0,0,0,4,8,0,0,0,0,0,0,3,1,0,0,0,0,0,0,1,0,0,0,0,0,0,0,1,4,0,0,0,0,0,0,4,4,0,0,0,0,0,0,22,11,0,0,0,0,1,0,9,2,0,0,0,0,0,0,3,2,0,0,0,0,0,0,1,3,0,0,0,0,0,0,5,7,1,0,0,0,0,0
18E,0,0,4,5,6,2,8,6,0,0,9,3,10,6,7,3,0,0,10,6,8,4,6,5,0,0,3,8,6,7,9,6,0,0,9,11,5,6,13,5,0,0,4,5,5,5,8,6,0,0,10,11,1,3,7,6,0,0,7,6,6,3,6,10,0,0,6,6,8,10,1,7,0,0,9,6,5,6,2,2,0,0,6,7,10,14,1,14,0,0,10,9,10,6,8,1,12,15,0,0,0,0,0,0,6,7,0,0,0,0,0,0,15,11,0,0,0,0,0,0,13,9,0,0,0,0,0,0,7,11,0,0,0,0,0,0,4,3,0,0,0,0,0,0,2,0,0,0,0,0,0,0,3,2,0,0,0,0,0,0,4,2,0,0,0,0,0,0,6,2,0,0,0,0,0,0,0,0,0,0,0,0,0,0,11,7,0,0,0,0,0,0,9,13,0,0,0,0,0,0,7,6,0,0,0,0,0,0,4,6,0,0,0,0,0,0,7,5,0,0,0,0,0,0,4,4,0,0,0,0,0,0
19A,0,0,6,5,7,1,1,3,0,0,5,2,5,4,2,0,0,0,3,5,2,3,3,1,0,0,5,3,2,2,6,5,0,0,6,6,7,5,6,5,0,0,2,5,5,8,4,2,0,0,3,6,5,2,3,1,0,0,14,13,20,15,23,14,0,0,2,4,6,8,3,3,0,0,4,6,5,4,1,2,0,0,3,6,9,3,10,7,0,0,5,8,10,4,5,3,8,4,0,0,0,0,0,0,6,1,0,0,0,0,0,0,4,2,0,0,0,0,0,0,4,3,0,0,0,0,0,0,6,5,0,0,0,0,0,0,1,1,0,0,0,0,0,0,1,0,0,0,0,0,0,0,4,3,0,0,0,0,0,0,1,0,0,0,0,0,0,0,1,0,0,0,0,0,0,0,0,0,0,0,0,0,0,0,5,2,0,0,0,0,0,0,4,7,0,0,0,0,0,0,4,3,0,0,0,0,0,0,1,0,0,0,0,0,0,0,2,0,0,0,0,0,0,0,1,3,0,0,0,0,0,0
19B,0,0,5,4,9,10,6,7,0,0,3,5,5,5,6,1,0,0,9,4,4,4,5,5,0,0,3,4,2,6,2,1,0,0,4,14,5,9,4,5,0,0,5,4,3,6,6,3,0,1,3,7,7,3,5,3,0,0,3,2,6,4,4,1,0,0,2,4,5,5,1,3,0,0,3,3,1,2,5,2,0,0,12,2,7,8,7,4,0,0,6,2,6,1,7,6,11,9,0,0,0,0,0,0,5,6,0,0,0,0,0,0,15,7,0,0,0,0,0,0,9,5,0,0,0,0,0,0,6,7,0,0,0,0,0,0,3,0,0,0,0,0,0,0,0,2,0,0,0,0,0,0,7,2,0,0,0,0,0,0,0,1,0,0,0,0,0,0,0,2,0,0,0,0,0,0,1,2,0,0,0,0,0,0,3,5,0,0,0,0,0,0,12,12,0,0,0,0,0,0,5,3,0,0,0,0,0,0,1,4,0,0,0,0,0,0,2,2,0,0,0,0,0,0,1,2,0,0,0,0,0,0
19C,0,0,21,14,18,8,16,8,0,0,20,11,17,16,17,6,0,0,20,7,19,7,10,11,0,0,10,6,19,10,15,16,0,0,12,11,15,7,27,8,0,0,12,11,14,7,13,9,0,0,16,16,12,6,13,12,0,0,14,10,8,4,4,5,0,0,11,13,9,8,4,5,0,0,19,8,13,11,12,7,0,0,14,14,20,20,12,12,0,0,15,11,18,11,24,6,24,11,0,0,0,0,0,0,4,6,0,0,0,0,0,0,8,8,0,1,0,0,0,0,17,10,0,0,0,0,0,0,21,16,0,0,0,0,0,0,8,8,0,0,0,0,0,0,5,0,0,0,0,0,0,1,8,9,0,0,0,0,0,0,5,4,0,0,0,0,0,0,2,3,0,0,0,0,0,0,0,1,0,0,0,0,0,0,12,7,0,0,0,0,0,0,31,15,0,0,0,0,0,0,15,6,0,0,0,0,0,0,2,2,0,0,0,0,0,0,6,2,0,0,0,0,0,0,12,5,1,0,0,0,0,0
19D,0,0,11,24,15,10,20,14,0,0,12,16,5,17,9,17,0,0,11,17,9,14,5,12,0,0,9,15,18,16,14,9,0,0,14,11,13,19,12,14,0,0,13,15,14,14,7,23,0,0,12,9,13,11,11,13,0,0,6,8,5,9,6,12,0,0,14,16,13,15,4,15,0,0,16,14,11,20,14,11,0,0,10,10,14,10,20,24,0,0,10,16,11,11,7,17,13,18,0,0,0,0,0,0,10,12,0,0,0,0,0,0,20,15,0,0,0,0,0,0,19,16,0,0,0,0,0,0,12,13,0,0,0,1,0,0,7,10,0,0,0,0,0,0,2,2,0,0,0,0,0,0,9,9,0,0,0,0,0,0,8,11,0,0,0,0,0,0,7,5,0,0,0,0,0,0,0,0,0,0,0,0,0,0,8,14,0,0,0,0,0,0,18,25,0,0,0,0,1,0,12,6,0,0,0,0,0,0,5,5,0,0,0,0,0,0,8,9,0,0,0,0,0,0,7,17,0,0,0,0,0,0
19E,0,0,6,4,5,8,10,2,0,0,4,2,10,2,5,2,0,0,6,3,10,4,3,5,0,0,5,3,15,5,12,4,0,0,5,9,9,7,10,6,0,0,7,3,7,3,7,5,0,0,5,9,10,5,7,6,0,0,6,2,5,1,6,1,0,0,8,6,7,6,3,4,0,0,8,5,6,3,6,1,0,0,7,5,2,5,10,6,0,0,8,10,9,8,7,3,17,17,0,0,0,0,0,0,6,4,0,0,0,0,0,0,8,9,0,0,0,0,0,0,20,6,0,0,0,0,0,0,5,6,0,0,0,0,0,0,4,1,0,0,0,0,0,0,2,0,0,0,0,0,0,0,6,6,0,0,0,0,0,0,5,2,0,0,0,0,0,0,3,2,0,0,0,0,0,0,1,2,0,0,0,0,0,0,6,11,0,0,0,0,0,0,22,10,0,0,0,0,0,0,4,3,0,0,0,0,0,1,4,0,0,0,0,0,0,0,5,2,0,0,0,0,0,0,7,3,0,0,0,0,0,0
20A,0,0,2,3,7,3,6,2,0,0,5,2,2,2,5,1,0,0,6,2,1,2,4,6,0,0,2,4,4,5,6,1,0,0,4,8,4,1,2,1,0,0,3,4,2,1,2,6,0,0,6,5,5,3,2,3,0,0,5,4,4,1,3,4,0,0,3,3,3,3,0,1,0,0,2,2,2,3,3,1,0,0,6,2,1,7,5,1,0,0,3,4,1,2,5,2,8,3,0,0,0,0,0,0,0,2,0,0,0,0,0,0,1,1,0,0,0,0,0,0,5,1,0,0,0,0,0,0,9,5,0,0,0,0,0,0,0,2,0,0,0,0,0,0,0,0,0,0,0,0,0,0,3,0,0,0,0,0,0,0,1,0,0,0,0,0,0,0,0,1,0,0,0,0,0,0,0,1,0,0,0,0,0,0,3,3,0,0,0,0,0,0,3,6,0,0,0,0,0,0,4,2,0,0,0,0,0,0,1,0,0,0,0,0,0,0,1,1,0,0,0,0,0,0,2,4,0,0,0,0,0,0
20B,0,0,19,12,8,7,13,11,0,0,12,9,13,11,12,7,0,0,18,11,12,9,6,6,0,0,10,4,12,8,12,8,0,0,13,10,15,13,16,14,0,0,10,8,13,6,13,9,0,1,12,4,11,6,11,6,0,0,7,10,13,12,11,9,0,0,15,9,12,13,5,5,0,0,18,12,13,7,10,5,0,0,13,11,14,7,20,12,0,0,12,10,21,9,18,12,20,10,0,0,0,0,0,0,9,4,0,0,0,0,0,0,16,12,0,0,0,0,0,0,19,8,0,0,0,0,0,0,11,5,0,0,0,0,0,0,5,5,0,0,0,0,0,0,4,2,0,0,0,0,0,0,6,5,0,0,0,0,0,0,4,4,0,0,0,0,0,0,3,3,0,0,0,0,0,0,1,0,0,0,0,0,0,0,7,5,0,0,0,0,0,0,19,13,0,0,0,0,0,0,12,3,0,0,0,0,0,1,3,1,0,0,0,0,0,0,4,2,0,0,0,0,0,0,7,3,0,0,0,0,0,0
20C,0,0,13,16,16,11,16,10,0,0,11,15,14,13,13,5,0,0,14,10,14,8,2,9,0,0,5,10,26,12,15,9,0,0,13,12,9,9,24,7,0,0,10,11,19,11,9,11,0,0,12,17,15,3,14,8,0,0,13,10,13,6,18,8,0,0,7,10,12,5,5,8,0,0,11,8,6,14,8,4,0,0,12,9,12,8,13,17,0,0,15,15,16,12,12,9,17,23,0,0,0,0,0,0,10,9,0,0,0,0,0,0,18,9,0,0,0,0,0,0,26,14,0,0,0,0,0,0,23,13,0,0,0,1,0,0,9,5,0,0,0,0,0,0,6,1,0,0,0,0,0,0,14,8,0,0,0,0,0,0,5,5,0,0,0,0,0,0,5,2,0,0,0,0,0,0,1,1,0,0,0,0,0,0,12,14,0,0,0,0,0,0,36,19,0,0,0,0,1,0,12,9,0,0,0,0,0,0,6,5,0,0,0,0,0,0,11,4,0,0,0,0,0,0,9,5,0,0,0,0,0,0
20D,0,0,6,4,5,5,4,2,0,0,2,4,2,7,2,3,0,0,4,4,4,5,4,3,0,0,5,5,5,3,5,10,0,0,8,6,5,6,2,5,0,0,1,3,1,8,2,4,0,0,1,8,2,6,1,4,0,0,6,3,4,3,3,5,0,0,6,10,3,7,2,5,0,0,7,5,4,5,5,3,0,0,2,4,6,8,10,8,0,0,1,9,5,3,6,5,5,5,0,0,0,0,0,0,3,6,0,0,0,0,0,0,6,9,0,0,0,0,0,0,7,8,0,0,0,0,0,0,4,9,0,0,0,0,0,0,2,2,0,0,0,0,0,0,0,0,0,0,0,0,0,0,0,5,0,0,0,0,0,0,3,1,0,0,0,0,0,0,1,1,0,0,0,0,0,0,0,1,0,0,0,0,0,0,2,7,0,0,0,0,0,0,10,16,0,0,0,0,0,0,7,2,0,0,0,0,0,0,0,1,0,0,0,0,0,0,2,0,0,0,0,0,0,0,2,11,0,0,0,0,0,0
20E,0,0,9,16,18,11,14,9,0,0,14,6,11,11,7,10,0,0,7,9,13,8,10,10,0,0,10,8,9,11,11,7,0,0,3,15,16,18,15,11,0,0,15,12,8,12,11,12,0,0,8,13,14,9,11,14,0,0,12,8,10,11,8,7,0,0,6,11,10,14,3,11,0,0,12,9,11,11,12,10,0,0,13,11,19,16,11,15,0,0,13,9,11,9,9,7,23,18,0,0,0,0,0,0,9,8,0,0,0,0,0,0,14,10,0,1,0,0,0,0,12,9,0,0,0,0,0,0,3,15,0,0,0,0,0,0,7,6,0,0,0,0,0,0,0,1,0,0,0,0,0,1,11,11,0,0,0,0,0,0,6,8,0,0,0,0,0,0,4,5,0,0,0,0,0,0,0,2,0,0,0,0,0,0,10,10,0,0,0,0,0,0,19,15,0,0,0,0,0,0,5,5,0,0,0,0,0,0,3,4,0,0,0,0,0,0,5,8,0,0,0,0,0,0,8,7,1,0,0,0,0,0
21A,0,0,5,13,13,13,9,7,0,0,11,5,10,14,6,5,0,0,3,4,6,10,6,9,0,0,4,8,17,6,12,9,0,0,10,11,6,13,16,9,0,0,6,8,12,6,12,7,0,0,6,10,5,4,12,10,0,0,5,9,13,6,16,4,0,0,8,13,7,6,4,12,0,0,17,8,7,8,6,4,0,0,9,6,9,13,14,13,0,0,7,13,12,10,17,9,14,8,0,0,0,0,0,0,3,5,0,0,0,0,0,0,7,10,0,1,0,0,0,0,12,12,0,0,0,0,0,0,10,10,0,0,0,0,0,0,5,3,0,0,0,0,0,0,3,1,0,0,0,0,0,0,5,7,0,0,0,0,0,0,6,4,0,0,0,0,0,0,3,3,0,0,0,0,0,0,0,0,0,0,0,0,0,0,4,9,0,0,0,0,0,0,24,7,0,0,0,0,1,0,7,8,0,0,0,0,0,0,2,6,0,0,0,0,0,0,6,2,0,0,0,0,0,0,5,4,0,0,0,0,0,0
21B,0,0,3,6,0,2,6,5,0,0,5,5,8,6,4,4,0,0,6,3,7,4,1,4,0,0,2,3,7,4,3,3,0,0,6,7,3,3,4,4,0,0,4,6,2,4,1,8,0,0,2,8,6,4,6,5,0,0,8,3,6,4,2,5,0,0,4,4,5,6,4,5,0,0,0,6,3,11,2,2,0,0,4,6,5,4,5,11,0,0,4,7,10,4,2,3,3,12,0,0,0,0,0,0,5,1,0,0,0,0,0,0,2,5,0,0,0,0,0,0,5,7,0,0,0,0,0,0,5,8,0,0,0,0,0,0,7,3,0,0,0,0,0,0,1,0,0,0,0,0,0,1,1,4,0,0,0,0,0,0,1,4,0,0,0,0,0,0,4,2,0,0,0,0,0,0,1,0,0,0,0,0,0,0,2,5,0,0,0,0,0,0,9,13,0,0,0,0,0,0,6,4,0,0,0,0,0,1,2,1,0,0,0,0,0,0,4,4,0,0,0,0,0,0,0,5,1,0,0,0,0,0
21C,0,0,4,5,10,5,6,4,0,0,5,7,0,5,2,3,0,0,6,8,3,4,2,3,0,0,3,5,5,3,4,2,0,0,5,6,8,7,7,4,0,0,5,6,6,10,2,8,0,0,2,7,8,4,1,2,0,0,4,6,6,6,3,8,0,0,3,9,2,3,4,3,0,0,6,3,6,3,3,2,0,0,5,9,8,9,7,9,0,0,10,5,4,4,5,6,9,5,0,0,0,0,0,0,5,10,0,0,0,0,0,0,5,2,0,0,0,0,0,0,9,4,0,0,0,0,0,0,5,8,0,0,0,0,0,0,1,5,0,0,0,0,0,0,1,0,0,0,0,0,0,0,2,6,0,0,0,0,0,0,6,0,0,0,0,0,0,0,0,3,0,0,0,0,0,0,0,1,0,0,0,0,0,0,10,3,0,0,0,0,0,0,12,8,0,0,0,0,0,0,4,4,0,0,0,0,0,0,3,0,0,0,0,0,0,0,3,5,0,0,0,0,0,0,5,6,0,0,0,0,0,0
21D,0,0,25,23,18,14,25,11,0,0,11,12,15,11,19,9,0,0,21,19,20,7,13,9,0,0,18,11,16,19,19,15,0,0,11,18,28,13,20,13,0,0,15,13,15,13,16,14,0,1,22,11,21,11,15,14,0,0,16,13,10,10,12,10,0,0,16,15,21,23,3,9,0,0,17,13,16,12,21,9,0,0,18,12,18,14,27,16,0,0,15,16,19,13,20,11,32,27,0,0,0,0,0,0,13,9,0,0,0,0,0,0,34,19,0,0,0,0,0,0,35,12,0,0,0,0,0,0,20,13,0,0,0,0,0,0,7,8,0,0,0,0,0,0,3,3,0,0,0,0,0,0,15,6,0,0,0,0,0,0,5,8,0,0,0,0,0,0,3,1,0,0,0,0,0,0,0,4,0,0,0,0,0,0,10,19,0,0,0,0,0,0,29,32,0,0,0,0,0,0,16,4,0,0,0,0,0,0,3,3,0,0,0,0,0,0,6,0,0,0,0,0,0,0,14,12,0,0,0,0,0,0
21E,0,0,12,4,13,3,7,7,0,0,12,7,9,8,8,5,0,0,13,2,8,7,4,9,0,0,5,4,11,7,11,6,0,0,9,9,4,11,12,8,0,0,9,5,8,5,6,5,0,0,7,11,7,4,5,4,0,0,10,4,9,7,10,6,0,0,6,2,5,4,0,1,0,0,10,6,4,6,6,6,0,0,10,4,12,6,6,4,0,0,8,6,9,4,6,6,15,7,0,0,0,0,0,0,5,4,0,0,0,0,0,0,7,5,0,0,0,0,0,0,8,5,0,0,0,0,0,0,10,8,0,0,0,1,0,0,3,1,0,0,0,0,0,0,2,0,0,0,0,0,0,0,11,6,0,0,0,0,0,0,1,2,0,0,0,0,0,0,3,3,0,0,0,0,0,0,1,0,0,0,0,0,0,0,8,3,0,0,0,0,0,0,13,9,0,0,0,0,0,0,7,1,0,0,0,0,0,0,3,1,0,0,0,0,0,0,4,4,0,0,0,0,0,0,4,3,0,0,0,0,0,0
22A,0,0,10,6,9,7,13,4,0,0,7,5,11,4,7,4,0,0,9,5,2,5,4,7,0,0,4,2,9,5,9,4,0,0,5,8,2,7,6,2,0,0,4,4,8,7,7,3,0,0,6,7,7,3,7,2,0,0,7,5,7,10,7,8,0,0,4,7,3,2,1,8,0,0,8,3,1,6,4,2,0,0,9,6,7,9,16,9,0,0,8,6,6,4,5,4,11,13,0,0,0,0,0,0,7,5,0,0,0,0,0,0,7,4,0,0,0,0,0,0,12,7,0,0,0,0,0,0,7,7,0,0,0,0,0,0,2,4,0,0,0,0,0,0,2,0,0,0,0,0,0,0,7,3,0,0,0,0,0,0,1,3,0,0,0,0,0,0,1,3,0,0,0,0,0,0,1,0,0,0,0,0,0,0,5,6,0,0,0,0,0,0,13,10,0,0,0,0,0,0,7,4,0,0,0,0,0,0,3,3,0,0,0,0,0,0,1,0,0,0,0,0,0,0,4,3,0,0,0,0,0,0
22B,0,0,6,8,6,2,7,6,0,0,6,3,3,5,4,3,0,0,10,4,9,3,5,4,0,0,3,5,12,5,4,4,0,0,8,11,8,11,3,8,0,0,7,3,2,0,1,4,0,0,8,3,7,3,2,8,0,0,8,9,8,5,7,3,0,0,3,4,3,7,2,4,0,0,5,5,3,5,6,4,0,0,5,7,4,9,8,3,0,0,8,9,7,5,7,1,10,6,0,0,0,0,0,0,7,6,0,0,0,0,0,0,4,4,0,0,0,0,0,0,7,7,0,0,0,0,0,0,8,6,0,0,0,0,0,0,3,4,0,0,0,0,0,0,1,1,0,0,0,0,0,0,5,5,0,0,0,0,0,0,2,2,0,0,0,0,0,0,1,4,0,0,0,0,0,0,0,1,0,0,0,0,0,0,3,6,0,0,0,0,0,0,10,13,0,0,0,0,0,0,6,4,0,0,0,0,0,0,2,2,0,0,0,0,0,0,2,2,0,0,0,0,0,0,2,9,0,0,0,0,0,0
22C,0,0,10,13,9,9,10,9,0,0,12,8,5,9,6,8,0,0,12,7,13,6,5,11,0,0,4,8,10,9,12,10,0,0,10,9,18,11,15,11,0,0,8,12,12,8,9,13,0,0,10,10,10,12,11,7,0,0,7,9,11,3,11,10,0,0,9,11,13,10,4,3,0,0,8,10,6,5,9,6,0,0,6,9,14,9,12,11,0,0,5,9,11,10,14,13,17,11,0,0,0,0,0,0,7,6,0,0,0,0,0,0,11,7,0,0,0,0,0,0,17,10,0,0,0,0,0,0,11,10,0,0,0,1,0,0,7,7,0,0,0,0,0,0,2,1,0,0,0,0,0,0,6,3,0,0,0,0,0,0,5,2,0,0,0,0,0,0,3,4,0,0,0,0,0,0,0,0,0,0,0,0,0,0,7,7,0,0,0,0,0,0,18,13,0,0,0,0,0,0,6,1,0,0,0,0,0,0,4,2,0,0,0,0,0,0,5,7,0,0,0,0,0,0,4,3,0,0,0,0,0,0
22D,0,0,9,13,7,8,10,6,0,0,9,10,11,17,10,5,0,0,10,12,8,10,4,3,0,0,12,6,14,10,17,9,0,0,10,8,12,11,14,5,0,0,9,8,9,11,9,11,0,1,7,20,11,7,5,10,0,0,8,8,6,8,10,5,0,0,7,8,5,9,3,7,0,0,13,10,11,10,7,8,0,0,10,7,10,14,9,15,0,0,11,12,14,10,10,11,15,17,0,0,0,0,0,0,1,6,0,0,0,0,0,0,12,17,0,1,0,0,0,0,14,5,0,0,0,0,0,0,10,13,0,0,0,0,0,0,5,3,0,0,0,0,0,0,2,1,0,0,0,0,0,1,7,10,0,0,0,0,0,0,3,6,0,0,0,0,0,0,4,0,0,0,0,0,0,0,1,1,0,0,0,0,0,0,10,8,0,0,0,0,0,0,17,20,0,0,0,0,0,0,10,7,0,0,0,0,0,0,0,0,0,0,0,0,0,0,10,2,0,0,0,0,0,0,4,9,0,0,0,0,0,0
22E,0,0,14,11,23,11,13,9,0,0,10,10,12,9,12,6,0,0,8,8,12,8,8,9,0,0,9,10,11,10,7,8,0,0,8,15,9,7,21,12,0,0,11,11,12,12,11,11,0,0,8,7,12,2,14,8,0,0,13,4,12,7,8,7,0,0,14,13,16,14,5,8,0,0,16,8,15,14,12,3,0,0,16,8,17,5,14,15,0,0,12,11,16,6,14,6,20,12,0,0,0,0,0,0,9,6,0,0,0,0,0,0,21,9,0,0,0,0,0,0,19,11,0,0,0,0,0,0,14,11,0,0,0,0,0,0,6,2,0,0,0,0,0,0,3,1,0,0,0,0,0,0,9,8,0,0,0,0,0,0,8,5,0,0,0,0,0,0,4,1,0,0,0,0,0,0,0,3,0,0,0,0,0,0,9,12,0,0,0,0,0,0,29,13,0,0,0,0,1,0,11,5,0,0,0,0,0,1,4,4,0,0,0,0,0,0,5,4,0,0,0,0,0,0,14,6,1,0,0,0,0,0
23A,0,0,17,18,12,4,12,6,0,0,14,9,8,14,13,6,0,0,12,10,16,5,6,11,0,0,12,8,9,6,12,9,0,0,13,13,11,8,15,10,0,0,8,13,7,9,7,15,0,1,13,8,11,6,13,11,0,0,10,10,14,8,13,6,0,0,16,8,13,7,4,7,0,0,17,9,9,11,6,0,0,0,8,6,12,9,18,10,0,0,9,12,14,6,15,9,16,19,0,0,0,0,0,0,10,6,0,0,0,0,0,0,18,6,0,0,0,0,0,0,14,8,0,0,0,0,0,0,15,11,0,0,0,0,0,0,12,2,0,0,0,0,0,0,4,1,0,0,0,0,0,0,11,6,0,0,0,0,0,0,5,7,0,0,0,0,0,0,5,2,0,0,0,0,0,0,0,2,0,0,0,0,0,0,10,13,0,0,0,0,0,0,20,16,0,0,0,0,1,0,17,5,0,0,0,0,0,1,3,5,0,0,0,0,0,0,4,2,0,0,0,0,0,0,6,4,0,0,0,0,0,0
23B,0,0,11,6,8,6,12,7,0,0,8,7,9,11,8,3,0,0,7,9,8,3,5,2,0,0,4,6,17,10,10,3,0,0,9,4,7,6,15,7,0,0,7,8,10,5,14,11,0,0,8,8,7,4,10,3,0,0,5,5,9,9,9,3,0,0,8,7,4,9,3,9,0,0,12,4,6,5,8,1,0,0,11,8,12,6,13,8,0,0,7,10,15,10,8,5,11,7,0,0,0,0,0,0,6,8,0,0,0,0,0,0,8,3,0,0,0,0,0,0,17,6,0,0,0,0,0,0,10,6,0,0,0,0,0,0,3,6,0,0,0,0,0,0,3,1,0,0,0,0,0,1,8,9,0,0,0,0,0,0,1,2,0,0,0,0,0,0,1,2,0,0,0,0,0,0,0,1,0,0,0,0,0,0,7,3,0,0,0,0,0,0,22,9,0,0,0,0,0,0,5,7,0,0,0,0,0,0,1,0,0,0,0,0,0,0,7,5,0,0,0,0,0,0,6,9,0,0,0,0,0,0
23C,0,0,5,2,8,2,3,6,0,0,1,2,2,3,1,1,0,0,1,0,4,4,4,4,0,0,3,3,6,2,7,0,0,0,5,4,10,5,4,2,0,0,7,0,4,4,0,2,0,0,2,4,5,3,1,3,0,0,8,2,2,2,3,1,0,0,2,5,7,0,1,3,0,0,4,5,3,4,3,1,0,0,6,2,7,5,3,6,0,0,2,5,3,2,3,4,8,3,0,0,0,0,0,0,2,2,0,0,0,0,0,0,6,6,0,0,0,0,0,0,8,2,0,0,0,0,0,0,5,6,0,0,0,0,0,0,4,2,0,0,0,0,0,0,1,0,0,0,0,0,0,0,1,3,0,0,0,0,0,0,1,2,0,0,0,0,0,0,2,4,0,0,0,0,0,0,0,2,0,0,0,0,0,0,3,1,0,0,0,0,0,0,10,7,0,0,0,0,0,0,1,2,0,0,0,0,0,0,2,0,0,0,0,0,0,0,3,0,0,0,0,0,0,0,0,1,1,0,0,0,0,0
23D,0,0,2,9,1,9,11,4,0,0,3,6,8,8,5,5,0,0,15,8,5,3,3,6,0,0,5,8,7,5,5,5,0,0,5,11,9,9,10,5,0,0,4,9,7,6,4,3,0,0,5,9,5,4,5,5,0,0,9,9,8,2,7,5,0,0,9,5,10,10,1,3,0,0,6,8,9,6,8,7,0,0,6,9,10,6,7,11,0,0,9,5,5,5,10,5,15,7,0,0,0,0,0,0,3,2,0,0,0,0,0,0,7,9,0,0,0,0,0,0,12,11,0,0,0,0,0,0,6,9,0,0,0,0,0,0,2,1,0,0,0,0,0,0,0,0,0,0,0,0,0,0,4,3,0,0,0,0,0,0,5,3,0,0,0,0,0,0,2,1,0,0,0,0,0,0,1,0,0,0,0,0,0,0,5,9,0,0,0,0,0,0,11,13,0,0,0,0,0,0,6,4,0,0,0,0,0,0,2,0,0,0,0,0,0,0,3,1,0,0,0,0,0,0,5,7,0,0,0,0,0,0
23E,0,0,14,16,25,16,15,11,0,0,18,12,15,8,12,11,0,0,14,9,11,17,8,11,0,0,8,6,17,16,15,18,0,0,9,19,12,19,15,14,0,0,13,8,15,14,12,11,0,0,11,18,19,10,10,13,0,0,11,9,11,12,11,18,0,0,2,18,6,16,6,8,0,0,11,10,9,14,13,14,0,0,15,12,11,20,18,18,0,0,17,15,17,12,14,12,23,23,0,0,0,0,0,0,10,11,0,0,0,0,0,0,16,17,0,1,0,0,0,0,18,13,0,0,0,0,0,0,14,15,0,0,0,1,0,0,2,9,0,0,0,0,0,0,2,2,0,0,0,0,0,0,10,8,0,0,0,0,0,0,7,4,0,0,0,0,0,0,3,3,0,0,0,0,0,0,1,0,0,0,0,0,0,0,9,13,0,0,0,0,0,0,24,24,0,0,0,0,0,0,11,3,0,0,0,0,0,0,5,6,0,0,0,0,0,0,6,7,0,0,0,0,0,0,11,9,0,0,0,0,0,0
24A,0,0,9,6,11,3,9,5,0,0,7,2,6,5,4,3,0,0,5,8,7,4,3,5,0,0,4,5,10,3,6,3,0,0,5,8,9,5,9,5,0,0,7,4,4,7,6,3,0,0,4,5,12,5,8,3,0,0,5,5,4,4,5,7,0,0,7,10,7,7,2,3,0,0,7,2,5,6,5,0,0,0,10,9,8,9,9,6,0,0,8,10,3,4,11,9,11,9,0,0,0,0,0,0,5,4,0,0,0,0,0,0,7,5,0,0,0,0,0,0,10,4,0,0,0,0,0,0,8,6,0,0,0,0,0,0,3,1,0,0,0,0,0,0,2,0,0,0,0,0,0,0,8,5,0,0,0,0,0,0,4,2,0,0,0,0,0,0,3,3,0,0,0,0,0,0,0,2,0,0,0,0,0,0,5,6,0,0,0,0,0,0,22,17,0,0,0,0,0,0,6,5,0,0,0,0,0,0,2,0,0,0,0,0,0,0,1,4,0,0,0,0,0,0,4,5,0,0,0,0,0,0
24B,0,0,12,15,11,14,6,7,0,0,6,8,10,10,9,2,0,0,20,9,11,6,2,6,0,0,9,8,11,9,12,4,0,0,11,12,8,8,10,6,0,0,13,5,13,4,14,7,0,1,14,10,16,4,5,6,0,0,8,12,14,10,10,5,0,0,8,10,7,5,6,6,0,0,11,10,7,6,6,6,0,0,9,8,8,9,16,14,0,0,9,15,12,9,14,8,14,13,0,0,0,0,0,0,6,7,0,0,0,0,0,0,17,8,0,0,0,0,0,0,18,12,0,0,0,0,0,0,7,10,0,0,0,0,0,0,4,5,0,0,0,0,0,0,0,0,0,0,0,0,0,0,10,7,0,0,0,0,0,0,4,4,0,0,0,0,0,0,1,2,0,0,0,0,0,0,0,0,0,0,0,0,0,0,10,7,0,0,0,0,0,0,16,12,0,0,0,0,0,0,5,6,0,0,0,0,0,0,1,2,0,0,0,0,0,0,11,0,0,0,0,0,0,0,6,9,0,0,0,0,0,0
24C,0,0,5,5,16,6,13,5,0,0,7,8,8,7,6,4,0,0,8,7,7,6,8,6,0,0,6,3,9,8,7,6,0,0,7,6,12,12,5,5,0,0,3,12,8,4,4,9,0,0,9,10,6,6,9,9,0,0,10,4,9,2,9,7,0,0,8,6,4,11,3,6,0,0,8,3,9,6,2,9,0,0,5,3,12,3,17,12,0,0,5,7,13,9,6,4,12,15,0,0,0,0,0,0,8,7,0,0,0,0,0,0,12,7,0,0,0,0,0,0,15,8,0,0,0,0,0,0,8,7,0,0,0,1,0,0,5,3,0,0,0,0,0,0,3,3,0,0,0,0,0,0,5,5,0,0,0,0,0,0,3,3,0,0,0,0,0,0,2,0,0,0,0,0,0,0,0,3,0,0,0,0,0,0,3,6,0,0,0,0,0,0,13,12,0,0,0,0,0,0,13,2,0,0,0,0,0,1,3,2,0,0,0,0,0,0,3,1,0,0,0,0,0,0,2,6,0,0,0,0,0,0
24D,0,0,7,9,8,7,3,7,0,0,6,8,2,6,9,6,0,0,5,8,7,6,4,11,0,0,5,5,3,7,4,11,0,0,8,12,5,12,12,8,0,0,5,7,2,6,2,7,0,0,6,5,2,3,3,7,0,0,6,5,6,7,6,4,0,0,2,8,5,8,1,6,0,0,4,5,4,10,9,1,0,0,7,8,7,7,5,11,0,0,6,5,4,6,3,5,12,10,0,0,0,0,0,0,5,5,0,0,0,0,0,0,8,7,0,1,0,0,0,0,8,9,0,0,0,0,0,0,7,9,0,0,0,0,0,0,2,5,0,0,0,0,0,0,1,1,0,0,0,0,0,0,2,3,0,0,0,0,0,0,2,2,0,0,0,0,0,0,1,1,0,0,0,0,0,0,0,0,0,0,0,0,0,0,4,5,0,0,0,0,0,0,7,9,0,0,0,0,0,0,5,2,0,0,0,0,0,0,0,1,0,0,0,0,0,0,3,3,0,0,0,0,0,0,3,4,1,0,0,0,0,0
24E,0,0,16,16,8,7,22,10,0,0,18,10,16,16,11,11,0,0,11,4,12,10,9,6,0,0,8,10,23,12,20,11,0,0,10,13,15,10,23,14,0,0,11,10,16,17,11,16,0,0,6,17,11,9,14,10,0,0,14,9,11,10,13,10,0,0,12,9,17,11,3,9,0,0,20,16,11,12,16,7,0,0,15,9,17,18,12,10,0,0,16,10,22,7,16,9,24,12,0,0,0,0,0,0,7,6,0,0,0,0,0,0,11,14,0,0,0,0,0,0,18,7,0,0,0,0,0,0,20,15,0,0,0,0,0,0,9,6,0,0,0,0,0,0,4,0,0,0,0,0,0,1,9,9,0,0,0,0,0,0,6,7,0,0,0,0,0,0,6,6,0,0,0,0,0,0,2,0,0,0,0,0,0,0,12,15,0,0,0,0,0,0,29,19,0,0,0,0,1,0,11,6,0,0,0,0,0,0,7,6,0,0,0,0,0,0,5,7,0,0,0,0,0,0,13,6,0,0,0,0,0,0
25A,0,0,17,12,15,12,20,10,0,0,19,12,18,18,12,11,0,0,23,13,14,8,13,11,0,0,13,7,18,12,18,15,0,0,16,18,15,12,24,14,0,0,13,10,21,11,11,18,0,0,8,14,17,12,15,6,0,0,10,11,22,4,14,10,0,0,13,11,12,11,5,7,0,0,24,13,15,14,11,7,0,0,20,11,20,8,16,15,0,0,14,9,13,5,16,13,19,18,0,0,0,0,0,0,12,11,0,0,0,0,0,0,11,17,0,0,0,0,0,0,33,11,0,0,0,0,0,0,22,17,0,0,0,0,0,0,10,6,0,0,0,0,0,0,7,2,0,0,0,0,0,0,13,11,0,0,0,0,0,0,8,5,0,0,0,0,0,0,6,1,0,0,0,0,0,0,0,0,0,0,0,0,0,0,11,9,0,0,0,0,0,0,31,22,0,0,0,0,0,0,15,9,0,0,0,0,0,1,2,6,0,0,0,0,0,0,11,7,0,0,0,0,0,0,11,7,0,0,0,0,0,0
25B,0,0,9,10,10,3,7,5,0,0,7,4,3,5,6,4,0,0,12,4,12,4,1,6,0,0,5,3,8,9,8,6,0,0,6,7,9,16,4,4,0,0,11,4,5,8,5,5,0,0,5,10,12,3,6,9,0,0,5,10,1,4,4,6,0,0,3,8,5,7,2,7,0,0,6,6,1,9,10,1,0,0,6,5,11,10,8,11,0,0,8,7,10,14,7,9,15,8,0,0,0,0,0,0,6,6,0,0,0,0,0,0,11,4,0,1,0,0,0,0,2,9,0,0,0,0,0,0,9,11,0,0,0,0,0,0,2,2,0,0,0,0,0,0,0,0,0,0,0,0,0,0,5,4,0,0,0,0,0,0,4,3,0,0,0,0,0,0,2,2,0,0,0,0,0,0,0,1,0,0,0,0,0,0,4,4,0,0,0,0,0,0,7,11,0,0,0,0,0,0,9,3,0,0,0,0,0,0,0,1,0,0,0,0,0,0,4,2,0,0,0,0,0,0,9,7,0,0,0,0,0,0
25C,0,0,15,18,15,14,20,10,0,0,9,14,9,17,10,6,0,0,8,10,15,12,8,9,0,0,10,14,19,10,13,10,0,0,6,14,17,10,27,10,0,0,8,14,12,10,13,14,0,1,15,13,10,5,14,12,0,0,19,8,12,11,12,8,0,0,18,16,16,14,5,11,0,0,10,10,14,8,9,11,0,0,13,10,8,14,19,14,0,0,11,17,18,7,19,7,23,21,0,0,0,0,0,0,8,6,0,0,0,0,0,0,24,8,0,0,0,0,0,0,19,11,0,0,0,0,0,0,8,12,0,0,0,1,0,0,5,6,0,0,0,0,0,0,2,1,0,0,0,0,0,0,10,5,0,0,0,0,0,0,4,6,0,0,0,0,0,0,3,5,0,0,0,0,0,0,1,2,0,0,0,0,0,0,8,14,0,0,0,0,0,0,35,17,0,0,0,0,1,0,8,4,0,0,0,0,0,0,7,2,0,0,0,0,0,0,6,4,0,0,0,0,0,0,6,7,0,0,0,0,0,0
25D,0,0,2,7,4,5,3,5,0,0,2,1,5,3,5,2,0,0,4,5,1,4,0,3,0,0,1,4,2,5,2,2,0,0,7,7,5,6,1,7,0,0,3,2,2,6,2,0,0,0,6,4,5,4,0,4,0,0,4,4,5,8,2,5,0,0,2,5,3,3,2,2,0,0,7,6,1,4,2,0,0,0,3,3,6,7,7,7,0,0,7,7,9,4,4,1,9,6,0,0,0,0,0,0,2,2,0,0,0,0,0,0,6,4,0,0,0,0,0,0,6,6,0,0,0,0,0,0,3,4,0,0,0,0,0,0,4,4,0,0,0,0,0,0,0,0,0,0,0,0,0,1,4,4,0,0,0,0,0,0,1,4,0,0,0,0,0,0,0,3,0,0,0,0,0,0,0,2,0,0,0,0,0,0,5,6,0,0,0,0,0,0,4,8,0,0,0,0,0,0,6,1,0,0,0,0,0,0,2,1,0,0,0,0,0,0,1,1,0,0,0,0,0,0,1,3,0,0,0,0,0,0
25E,0,0,6,4,10,3,3,4,0,0,7,5,7,1,6,3,0,0,2,4,2,4,4,5,0,0,3,3,9,3,8,2,0,0,6,5,3,3,3,3,0,0,4,8,3,3,6,5,0,0,5,6,3,3,4,4,0,0,5,2,4,6,11,4,0,0,1,3,4,7,1,3,0,0,3,1,5,5,6,4,0,0,4,8,7,7,9,6,0,0,4,7,4,5,4,5,7,6,0,0,0,0,0,0,3,4,0,0,0,0,0,0,3,8,0,0,0,0,0,0,9,3,0,0,0,0,0,0,8,3,0,0,0,0,0,0,2,2,0,0,0,0,0,0,1,1,0,0,0,0,0,0,2,5,0,0,0,0,0,0,2,0,0,0,0,0,0,0,2,1,0,0,0,0,0,0,1,0,0,0,0,0,0,0,6,6,0,0,0,0,0,0,10,11,0,0,0,0,0,0,2,4,0,0,0,0,0,0,2,1,0,0,0,0,0,0,1,1,0,0,0,0,0,0,1,6,1,0,0,0,0,0
26A,0,0,16,8,13,3,13,4,0,0,4,8,9,10,13,6,0,0,10,5,5,5,6,3,0,0,10,8,12,5,16,4,0,0,10,10,16,8,11,12,0,0,9,13,16,13,8,6,0,0,10,12,12,7,6,7,0,0,11,8,14,6,12,8,0,0,6,16,9,9,4,5,0,0,9,7,12,11,6,8,0,0,11,9,10,6,12,10,0,0,11,18,16,9,14,5,16,7,0,0,0,0,0,0,6,2,0,0,0,0,0,0,14,10,0,0,0,0,0,0,14,10,0,0,0,0,0,0,7,12,0,0,0,0,0,0,3,3,0,0,0,0,0,0,4,1,0,0,0,0,0,0,4,5,0,0,0,0,0,0,3,2,0,0,0,0,0,0,4,1,0,0,0,0,0,0,1,3,0,0,0,0,0,0,6,11,0,0,0,0,0,0,21,17,0,0,0,0,0,0,7,3,0,0,0,0,0,1,3,2,0,0,0,0,0,0,2,4,0,0,0,0,0,0,9,6,0,0,0,0,0,0
26B,0,0,10,20,13,8,8,8,0,0,9,9,12,10,0,8,0,0,15,14,12,8,4,13,0,0,4,8,11,16,6,7,0,0,11,16,15,13,14,14,0,0,13,8,7,6,10,13,0,0,9,13,9,1,8,13,0,0,8,6,10,8,7,10,0,0,16,13,11,11,1,8,0,0,9,11,3,9,5,2,0,0,9,7,16,18,18,16,0,0,14,11,12,8,12,8,14,14,0,0,0,0,0,0,10,11,0,0,0,0,0,0,9,10,0,0,0,0,0,0,11,9,0,0,0,0,0,0,14,8,0,0,0,0,0,0,2,3,0,0,0,0,0,0,3,0,0,0,0,0,0,0,7,6,0,0,0,0,0,0,4,8,0,0,0,0,0,0,0,6,0,0,0,0,0,0,0,1,0,0,0,0,0,0,7,10,0,0,0,0,0,0,18,20,0,0,0,0,1,0,11,3,0,0,0,0,0,0,3,2,0,0,0,0,0,0,5,3,0,0,0,0,0,0,8,10,1,0,0,0,0,0
26C,0,0,3,4,8,6,15,7,0,0,11,5,13,8,12,3,0,0,8,1,8,4,6,3,0,0,8,4,6,4,7,1,0,0,11,3,5,7,14,5,0,0,2,4,5,1,6,6,0,0,8,10,8,6,12,3,0,0,6,5,7,3,13,1,0,0,3,1,5,2,6,3,0,0,13,1,6,4,9,4,0,0,9,2,8,4,8,9,0,0,2,3,10,4,3,2,10,5,0,0,0,0,0,0,3,3,0,0,0,0,0,0,6,4,0,0,0,0,0,0,16,3,0,0,0,0,0,0,7,3,0,0,0,0,0,0,0,1,0,0,0,0,0,0,1,1,0,0,0,0,0,0,9,5,0,0,0,0,0,0,1,2,0,0,0,0,0,0,3,1,0,0,0,0,0,0,0,0,0,0,0,0,0,0,1,2,0,0,0,0,0,0,17,5,0,0,0,0,0,0,5,7,0,0,0,0,0,0,1,1,0,0,0,0,0,0,2,1,0,0,0,0,0,0,5,1,0,0,0,0,0,0
26D,0,0,5,9,5,6,6,8,0,0,6,2,0,7,5,5,0,0,5,8,7,4,3,5,0,0,3,5,5,4,6,8,0,0,1,6,3,6,4,3,0,0,4,3,3,9,3,6,0,0,5,3,1,4,3,4,0,0,4,5,3,9,2,3,0,0,5,7,2,6,1,6,0,0,7,5,7,5,6,3,0,0,3,9,4,6,6,5,0,0,2,7,7,3,5,4,10,10,0,0,0,0,0,0,2,4,0,0,0,0,0,0,5,5,0,0,0,0,0,0,5,4,0,0,0,0,0,0,5,8,0,0,0,0,0,0,3,4,0,0,0,0,0,0,0,1,0,0,0,0,0,0,5,4,0,0,0,0,0,0,2,0,0,0,0,0,0,0,2,3,0,0,0,0,0,0,0,0,0,0,0,0,0,0,3,8,0,0,0,0,0,0,8,4,0,0,0,0,0,0,2,1,0,0,0,0,0,0,3,1,0,0,0,0,0,0,1,0,0,0,0,0,0,0,1,3,0,0,0,0,0,0
26E,0,0,15,10,15,14,11,7,0,0,14,12,8,9,9,4,0,0,11,8,12,11,7,10,0,0,7,6,22,10,14,15,0,0,8,16,10,13,16,4,0,0,11,10,12,9,10,11,0,1,7,9,17,9,10,8,0,0,14,11,10,7,9,11,0,0,7,6,13,14,3,8,0,0,12,12,8,11,12,6,0,0,14,10,14,12,15,13,0,0,15,8,9,11,16,16,23,23,0,0,0,0,0,0,10,9,0,0,0,0,0,0,21,12,0,1,0,0,0,0,23,14,0,0,0,0,0,0,17,16,0,0,0,1,0,0,15,9,0,0,0,0,0,0,2,1,0,0,0,0,0,1,9,9,0,0,0,0,0,0,9,6,0,0,0,0,0,0,4,1,0,0,0,0,0,0,1,1,0,0,0,0,0,0,17,8,0,0,0,0,0,0,23,23,0,0,0,0,0,0,15,7,0,0,0,0,0,0,3,5,0,0,0,0,0,0,13,7,0,0,0,0,0,0,5,10,0,0,0,0,0,0
27A,0,0,11,14,16,6,17,5,0,0,8,12,15,12,12,10,0,0,12,7,11,9,10,7,0,0,11,7,17,9,19,8,0,0,12,7,15,11,21,11,0,0,9,10,18,6,11,13,0,0,7,13,10,9,6,7,0,0,9,8,22,14,13,11,0,0,9,14,10,9,5,8,0,0,14,8,13,8,11,8,0,0,13,7,15,5,15,10,0,0,15,13,20,6,18,6,29,13,0,0,0,0,0,0,7,8,0,0,0,0,0,0,9,11,0,0,0,0,0,0,24,10,0,0,0,0,0,0,17,18,0,0,0,0,0,0,5,5,0,0,0,0,0,0,5,1,0,0,0,0,0,1,17,8,0,0,0,0,0,0,5,6,0,0,0,0,0,0,2,3,0,0,0,0,0,0,0,3,0,0,0,0,0,0,10,7,0,0,0,0,0,0,28,19,0,0,0,0,0,0,12,9,0,0,0,0,0,1,1,2,0,0,0,0,0,0,6,5,0,0,0,0,0,0,9,5,0,0,0,0,0,0
27B,0,0,14,14,9,10,13,10,0,0,9,8,8,19,12,7,0,0,19,13,14,7,7,16,0,0,6,8,15,12,10,13,0,0,13,19,13,15,14,11,0,0,10,10,7,10,10,15,0,1,13,12,7,6,10,11,0,0,12,9,11,2,15,10,0,0,6,12,6,12,4,10,0,0,9,11,8,10,8,5,0,0,8,8,10,16,15,18,0,0,9,17,17,7,15,10,11,18,0,0,0,0,0,0,6,6,0,0,0,0,0,0,16,11,0,0,0,0,0,0,15,9,0,0,0,0,0,0,10,9,0,0,0,0,0,0,2,5,0,0,0,0,0,0,2,1,0,0,0,0,0,0,3,6,0,0,0,0,0,0,3,3,0,0,0,0,0,0,2,5,0,0,0,0,0,0,0,1,0,0,0,0,0,0,9,11,0,0,0,0,0,0,16,13,0,0,0,0,0,0,11,5,0,0,0,0,0,0,1,0,0,0,0,0,0,0,5,3,0,0,0,0,0,0,7,7,0,0,0,0,0,0
27C,0,0,4,5,8,6,3,5,0,0,6,7,6,7,1,3,0,0,3,4,4,6,4,5,0,0,4,5,7,8,8,7,0,0,4,13,7,8,7,6,0,0,9,6,3,4,5,8,0,0,7,8,7,5,9,7,0,0,7,7,2,6,2,6,0,0,10,3,5,5,3,4,0,0,6,3,5,9,7,3,0,0,17,4,10,11,4,4,0,0,8,8,7,9,4,9,12,12,0,0,0,0,0,0,4,6,0,0,0,0,0,0,7,6,0,0,0,0,0,0,10,3,0,0,0,0,0,0,13,5,0,0,0,0,0,0,6,6,0,0,0,0,0,0,1,0,0,0,0,0,0,0,8,5,0,0,0,0,0,0,2,5,0,0,0,0,0,0,3,0,0,0,0,0,0,0,0,0,0,0,0,0,0,0,4,5,0,0,0,0,0,0,13,18,0,0,0,0,0,0,4,1,0,0,0,0,0,0,2,4,0,0,0,0,0,0,3,4,0,0,0,0,0,0,4,5,1,0,0,0,0,0
27D,0,0,6,7,6,5,4,5,0,0,4,3,4,1,3,0,0,0,3,3,4,3,1,2,0,0,3,5,5,4,3,1,0,0,3,5,4,2,5,2,0,0,4,2,5,6,2,2,0,0,3,5,8,4,1,1,0,0,4,3,4,2,6,2,0,0,3,0,7,2,2,3,0,0,3,6,2,4,3,1,0,0,1,5,10,4,5,6,0,0,4,1,2,5,6,6,5,3,0,0,0,0,0,0,4,3,0,0,0,0,0,0,4,2,0,0,0,0,0,0,7,6,0,0,0,0,0,0,3,4,0,0,0,0,0,0,4,3,0,0,0,0,0,0,0,0,0,0,0,0,0,0,0,5,0,0,0,0,0,0,2,0,0,0,0,0,0,0,1,2,0,0,0,0,0,0,1,0,0,0,0,0,0,0,1,2,0,0,0,0,0,0,7,5,0,0,0,0,0,0,5,4,0,0,0,0,0,0,3,0,0,0,0,0,0,0,4,2,0,0,0,0,0,0,2,5,0,0,0,0,0,0
27E,0,0,14,11,15,10,16,9,0,0,17,6,9,5,11,6,0,0,12,9,11,7,4,4,0,0,8,6,12,6,9,6,0,0,9,7,10,11,12,8,0,0,7,10,10,12,9,4,0,0,9,9,15,3,13,9,0,0,11,8,5,9,7,4,0,0,9,14,12,14,1,5,0,0,18,8,8,9,9,6,0,0,7,13,7,10,20,15,0,0,8,8,8,8,7,4,16,13,0,0,0,0,0,0,10,6,0,0,0,0,0,0,19,11,0,1,0,0,0,0,13,12,0,0,0,0,0,0,7,11,0,0,0,1,0,0,6,1,0,0,0,0,0,0,2,2,0,0,0,0,0,0,6,5,0,0,0,0,0,0,7,4,0,0,0,0,0,0,5,2,0,0,0,0,0,0,1,1,0,0,0,0,0,0,10,14,0,0,0,0,0,0,23,14,0,0,0,0,1,0,8,2,0,0,0,0,0,0,6,5,0,0,0,0,0,0,5,1,0,0,0,0,0,0,6,8,0,0,0,0,0,0
28A,0,0,16,13,9,9,8,12,0,0,5,9,8,11,1,5,0,0,6,6,6,5,6,9,0,0,4,5,9,13,12,8,0,0,4,10,10,8,10,11,0,0,5,8,10,12,7,12,0,0,9,4,5,9,9,6,0,0,5,8,10,9,7,8,0,0,10,11,9,7,3,5,0,0,8,8,6,5,10,2,0,0,6,7,9,8,7,6,0,0,6,10,10,9,13,7,12,11,0,0,0,0,0,0,10,2,0,0,0,0,0,0,8,7,0,0,0,0,0,0,9,3,0,0,0,0,0,0,9,8,0,0,0,0,0,0,2,0,0,0,0,0,0,0,2,0,0,0,0,0,0,0,6,4,0,0,0,0,0,0,0,3,0,0,0,0,0,0,1,6,0,0,0,0,0,0,0,1,0,0,0,0,0,0,3,8,0,0,0,0,0,0,14,16,0,0,0,0,0,0,11,3,0,0,0,0,0,0,5,2,0,0,0,0,0,0,6,1,0,0,0,0,0,0,5,5,0,0,0,0,0,0
28B,0,0,15,16,17,14,20,16,0,0,19,11,13,17,16,13,0,0,19,14,16,14,6,13,0,0,16,13,20,10,15,14,0,0,17,22,21,22,24,14,0,0,16,13,15,13,10,13,0,0,20,19,13,5,9,14,0,0,17,13,18,8,13,13,0,0,11,10,12,17,4,14,0,0,17,14,8,14,3,11,0,0,14,11,18,24,21,28,0,0,15,16,18,10,19,15,32,26,0,0,0,0,0,0,10,10,0,0,0,0,0,0,18,15,0,1,0,0,0,0,28,22,0,0,0,0,0,0,18,21,0,0,0,0,0,0,6,9,0,0,0,0,0,0,6,1,0,0,0,0,0,0,11,11,0,0,0,0,0,0,9,6,0,0,0,0,0,0,5,3,0,0,0,0,0,0,1,3,0,0,0,0,0,0,16,14,0,0,0,0,0,0,39,26,0,0,0,0,1,0,14,7,0,0,0,0,0,0,4,5,0,0,0,0,0,0,4,9,0,0,0,0,0,0,9,14,1,0,0,0,0,0
28C,0,0,2,3,3,2,3,1,0,0,2,5,1,4,3,1,0,0,4,2,4,3,1,1,0,0,1,5,4,1,4,2,0,0,3,5,4,3,5,6,0,0,4,3,1,1,3,5,0,0,2,6,5,1,2,5,0,0,2,3,2,1,1,2,0,0,1,2,4,3,1,2,0,0,5,4,1,4,2,2,0,0,2,4,3,1,4,5,0,0,5,7,1,1,1,2,6,3,0,0,0,0,0,0,2,2,0,0,0,0,0,0,5,1,0,0,0,0,0,0,3,4,0,0,0,0,0,0,5,4,0,0,0,0,0,0,1,2,0,0,0,0,0,0,0,1,0,0,0,0,0,0,1,1,0,0,0,0,0,0,0,2,0,0,0,0,0,0,0,1,0,0,0,0,0,0,0,1,0,0,0,0,0,0,0,5,0,0,0,0,0,0,4,4,0,0,0,0,0,0,3,1,0,0,0,0,0,0,0,0,0,0,0,0,0,0,6,0,0,0,0,0,0,0,0,5,0,0,0,0,0,0
28D,0,0,11,17,19,8,18,4,0,0,15,7,14,11,15,4,0,0,13,12,10,10,8,10,0,0,7,6,20,12,13,10,0,0,15,9,14,12,16,6,0,0,12,9,11,9,17,8,0,1,4,14,20,8,16,9,0,0,12,7,12,14,18,6,0,0,10,14,8,11,7,9,0,0,17,6,16,12,17,7,0,0,16,12,17,11,23,11,0,0,17,11,19,12,13,10,15,12,0,0,0,0,0,0,7,14,0,0,0,0,0,0,20,13,0,0,0,0,0,0,20,8,0,0,0,0,0,0,12,11,0,0,0,1,0,0,12,5,0,0,0,0,0,0,1,1,0,0,0,0,0,1,11,12,0,0,0,0,0,0,8,5,0,0,0,0,0,0,5,2,0,0,0,0,0,0,0,0,0,0,0,0,0,0,9,10,0,0,0,0,0,0,22,18,0,0,0,0,0,0,9,5,0,0,0,0,0,1,2,4,0,0,0,0,0,0,6,4,0,0,0,0,0,0,10,5,0,0,0,0,0,0
28E,0,0,5,2,6,4,4,1,0,0,3,4,6,1,4,3,0,0,7,2,8,0,5,1,0,0,4,2,3,3,5,1,0,0,2,5,0,2,4,1,0,0,2,5,6,3,0,4,0,0,4,4,4,4,3,1,0,0,7,4,2,1,4,4,0,0,5,6,7,4,0,0,0,0,3,4,5,5,6,1,0,0,8,3,5,2,4,3,0,0,1,3,6,3,4,1,8,7,0,0,0,0,0,0,2,1,0,0,0,0,0,0,4,5,0,0,0,0,0,0,9,3,0,0,0,0,0,0,6,3,0,0,0,0,0,0,2,4,0,0,0,0,0,0,1,1,0,0,0,0,0,0,5,1,0,0,0,0,0,0,2,2,0,0,0,0,0,0,2,0,0,0,0,0,0,0,1,0,0,0,0,0,0,0,6,2,0,0,0,0,0,0,8,5,0,0,0,0,0,0,3,5,0,0,0,0,0,0,2,0,0,0,0,0,0,0,1,1,0,0,0,0,0,0,4,1,0,0,0,0,0,0
29A,0,0,8,14,11,8,12,10,0,0,9,7,5,10,10,6,0,0,7,9,8,7,6,10,0,0,3,5,17,9,12,6,0,0,5,11,11,8,16,9,0,0,4,4,10,10,10,7,0,0,7,12,9,8,8,16,0,0,8,7,6,6,12,6,0,0,5,9,7,5,4,5,0,0,12,8,5,4,14,7,0,0,8,6,8,9,6,14,0,0,6,9,10,6,7,13,15,15,0,0,0,0,0,0,8,6,0,0,0,0,0,0,9,10,0,0,0,0,0,0,9,7,0,0,0,0,0,0,14,10,0,0,0,0,0,0,4,4,0,0,0,0,0,0,1,2,0,0,0,0,0,0,7,4,0,0,0,0,0,0,5,4,0,0,0,0,0,0,1,6,0,0,0,0,0,0,1,1,0,0,0,0,0,0,9,13,0,0,0,0,0,0,19,16,0,0,0,0,1,0,6,3,0,0,0,0,0,1,2,3,0,0,0,0,0,0,6,1,0,0,0,0,0,0,7,7,0,0,0,0,0,0
29B,0,0,18,11,12,8,13,9,0,0,10,7,8,12,6,5,0,0,13,6,11,14,8,12,0,0,11,9,8,14,6,12,0,0,11,17,13,10,15,13,0,0,10,11,9,10,6,15,0,0,13,14,8,5,12,9,0,0,12,11,10,8,12,7,0,0,18,11,16,13,2,11,0,0,12,12,7,18,7,6,0,0,15,10,13,11,19,15,0,0,9,12,16,6,10,7,24,17,0,0,0,0,0,0,9,6,0,0,0,0,0,0,11,18,0,0,0,0,0,0,20,10,0,0,0,0,0,0,8,12,0,0,0,0,0,0,6,4,0,0,0,0,0,0,4,1,0,0,0,0,0,0,5,6,0,0,0,0,0,0,4,1,0,0,0,0,0,0,3,2,0,0,0,0,0,0,1,3,0,0,0,0,0,0,5,7,0,0,0,0,0,0,19,19,0,0,0,0,0,0,5,7,0,0,0,0,0,0,5,2,0,0,0,0,0,0,4,1,0,0,0,0,0,0,4,9,1,0,0,0,0,0
29C,0,0,6,12,14,12,7,5,0,0,6,13,8,4,5,2,0,0,11,5,8,4,1,4,0,0,2,9,9,8,5,4,0,0,7,8,4,12,7,2,0,0,5,13,5,4,4,7,0,0,6,5,7,2,6,3,0,0,4,11,10,6,7,9,0,0,4,9,9,8,4,5,0,0,10,5,4,7,3,4,0,0,4,4,4,7,12,10,0,0,7,10,5,6,8,5,11,12,0,0,0,0,0,0,4,6,0,0,0,0,0,0,7,2,0,1,0,0,0,0,8,8,0,0,0,0,0,0,7,5,0,0,0,1,0,0,2,4,0,0,0,0,0,0,2,1,0,0,0,0,0,0,9,7,0,0,0,0,0,0,3,2,0,0,0,0,0,0,4,3,0,0,0,0,0,0,0,0,0,0,0,0,0,0,5,2,0,0,0,0,0,0,15,13,0,0,0,0,0,0,8,4,0,0,0,0,0,0,1,1,0,0,0,0,0,0,7,7,0,0,0,0,0,0,4,8,0,0,0,0,0,0
29D,0,0,10,6,13,7,18,9,0,0,11,6,14,14,10,5,0,0,13,10,14,3,8,8,0,0,10,5,16,6,17,9,0,0,13,9,21,11,14,7,0,0,15,6,15,10,15,10,0,0,9,10,15,10,10,2,0,0,10,4,11,7,10,5,0,0,4,9,5,12,4,8,0,0,12,7,16,7,9,6,0,0,12,13,19,11,14,9,0,0,18,11,16,10,21,6,15,12,0,0,0,0,0,0,9,8,0,0,0,0,0,0,18,5,0,0,0,0,0,0,19,11,0,0,0,0,0,0,14,17,0,0,0,0,0,0,10,6,0,0,0,0,0,0,3,0,0,0,0,0,0,0,8,8,0,0,0,0,0,0,4,7,0,0,0,0,0,0,3,0,0,0,0,0,0,0,0,0,0,0,0,0,0,0,10,12,0,0,0,0,0,0,18,13,0,0,0,0,0,0,11,5,0,0,0,0,0,0,4,2,0,0,0,0,0,0,4,5,0,0,0,0,0,0,10,5,0,0,0,0,0,0
29E,0,0,7,8,4,2,3,1,0,0,8,3,7,4,8,8,0,0,5,6,3,4,3,0,0,0,6,3,6,2,9,4,0,0,5,6,0,6,7,7,0,0,5,4,4,4,2,3,0,1,4,6,8,2,3,5,0,0,9,2,7,6,2,6,0,0,6,5,3,4,1,1,0,0,4,4,4,4,5,0,0,0,7,4,8,8,8,5,0,0,4,5,7,7,4,4,8,3,0,0,0,0,0,0,1,3,0,0,0,0,0,0,10,6,0,0,0,0,0,0,13,4,0,0,0,0,0,0,7,3,0,0,0,0,0,0,1,2,0,0,0,0,0,0,0,0,0,0,0,0,0,1,5,4,0,0,0,0,0,0,3,4,0,0,0,0,0,0,2,1,0,0,0,0,0,0,0,1,0,0,0,0,0,0,5,5,0,0,0,0,0,0,16,8,0,0,0,0,0,0,10,2,0,0,0,0,0,0,1,3,0,0,0,0,0,0,2,1,0,0,0,0,0,0,3,1,0,0,0,0,0,0
30A,0,0,18,15,18,12,19,20,0,0,15,19,14,11,7,11,0,0,14,13,14,17,6,11,0,0,16,8,18,17,20,14,0,0,9,15,18,17,17,17,0,0,11,10,18,12,11,17,0,0,13,20,16,7,16,12,0,0,14,13,16,14,19,18,0,0,18,21,11,16,2,10,0,0,18,12,15,16,17,8,0,0,12,16,15,15,16,16,0,0,11,16,15,11,22,12,30,23,0,0,0,0,0,0,13,9,0,0,0,0,0,0,19,11,0,1,0,0,0,0,21,12,0,0,0,0,0,0,15,25,0,0,0,0,0,0,7,4,0,0,0,0,0,0,6,0,0,0,0,0,0,0,11,6,0,0,0,0,0,0,8,8,0,0,0,0,0,0,4,3,0,0,0,0,0,0,1,2,0,0,0,0,0,0,5,12,0,0,0,0,0,0,32,29,0,0,0,0,0,0,13,7,0,0,0,0,0,0,6,5,0,0,0,0,0,0,9,4,0,0,0,0,0,0,16,11,1,0,0,0,0,0
30B,0,0,17,24,19,12,21,6,0,0,17,11,15,20,17,7,0,0,22,12,16,9,9,16,0,0,11,11,18,10,15,13,0,0,25,19,17,17,27,8,0,0,18,19,11,12,16,17,0,1,17,18,22,13,14,14,0,0,11,14,19,14,12,9,0,0,10,14,18,15,6,11,0,0,12,15,16,15,11,12,0,0,22,12,19,19,26,21,0,0,16,18,24,13,16,12,29,21,0,0,0,0,0,0,9,15,0,0,0,0,0,0,20,14,0,0,0,0,0,0,26,22,0,0,0,0,0,0,20,10,0,0,0,1,0,0,8,9,0,0,0,0,0,0,3,4,0,0,0,0,0,1,12,14,0,0,0,0,0,0,4,5,0,0,0,0,0,0,6,4,0,0,0,0,0,0,1,1,0,0,0,0,0,0,18,16,0,0,0,0,0,0,30,21,0,0,0,0,1,0,16,7,0,0,0,0,0,1,3,3,0,0,0,0,0,0,5,6,0,0,0,0,0,0,7,9,0,0,0,0,0,0
30C,0,0,1,6,4,3,4,3,0,0,2,4,5,5,3,2,0,0,2,2,4,1,1,0,0,0,0,2,6,2,3,1,0,0,2,9,2,2,5,0,0,0,2,2,6,5,0,1,0,0,0,2,1,5,0,2,0,0,5,2,2,0,3,2,0,0,1,3,5,3,1,2,0,0,5,3,0,4,0,1,0,0,4,2,5,3,5,2,0,0,7,4,2,6,4,4,3,5,0,0,0,0,0,0,2,0,0,0,0,0,0,0,3,5,0,0,0,0,0,0,2,3,0,0,0,0,0,0,1,5,0,0,0,0,0,0,3,2,0,0,0,0,0,0,0,0,0,0,0,0,0,0,1,3,0,0,0,0,0,0,2,0,0,0,0,0,0,0,1,2,0,0,0,0,0,0,0,0,0,0,0,0,0,0,5,1,0,0,0,0,0,0,8,6,0,0,0,0,0,0,5,2,0,0,0,0,0,0,2,1,0,0,0,0,0,0,3,4,0,0,0,0,0,0,1,5,0,0,0,0,0,0
30D,0,0,6,3,3,6,4,4,0,0,3,0,3,3,8,1,0,0,5,2,6,1,2,3,0,0,2,6,8,5,5,0,0,0,1,1,3,7,7,4,0,0,4,3,2,3,6,2,0,0,2,2,4,1,2,4,0,0,4,2,2,1,5,1,0,0,3,1,1,1,3,3,0,0,1,2,1,3,6,1,0,0,5,2,9,6,7,6,0,0,2,1,5,1,2,4,4,5,0,0,0,0,0,0,4,2,0,0,0,0,0,0,2,4,0,0,0,0,0,0,8,0,0,0,0,0,0,0,6,4,0,0,0,0,0,0,1,1,0,0,0,0,0,0,0,0,0,0,0,0,0,0,1,2,0,0,0,0,0,0,2,1,0,0,0,0,0,0,1,1,0,0,0,0,0,0,0,2,0,0,0,0,0,0,3,5,0,0,0,0,0,0,10,7,0,0,0,0,0,0,4,1,0,0,0,0,0,0,1,1,0,0,0,0,0,0,1,0,0,0,0,0,0,0,2,3,0,0,0,0,0,0
30E,0,0,7,3,10,4,5,1,0,0,7,2,5,5,4,5,0,0,6,7,4,4,8,4,0,0,3,4,6,5,6,7,0,0,4,7,9,4,3,9,0,0,4,4,6,6,4,5,0,0,7,5,4,1,7,3,0,0,9,4,5,4,4,3,0,0,5,4,5,7,3,4,0,0,14,4,4,2,4,1,0,0,3,5,4,3,5,8,0,0,8,8,8,4,6,3,7,5,0,0,0,0,0,0,3,3,0,0,0,0,0,0,11,7,0,0,0,0,0,0,12,3,0,0,0,0,0,0,8,3,0,0,0,0,0,0,4,4,0,0,0,0,0,0,1,0,0,0,0,0,0,0,9,4,0,0,0,0,0,0,3,4,0,0,0,0,0,0,1,2,0,0,0,0,0,0,0,0,0,0,0,0,0,0,3,5,0,0,0,0,0,0,7,6,0,0,0,0,0,0,2,4,0,0,0,0,0,0,1,1,0,0,0,0,0,0,5,1,0,0,0,0,0,0,2,2,0,0,0,0,0,0
31A,0,0,4,4,7,3,6,0,0,0,3,6,6,2,2,0,0,0,5,3,4,1,5,4,0,0,4,2,10,2,4,1,0,0,1,7,3,3,2,4,0,0,3,4,3,2,5,2,0,0,2,6,7,1,3,5,0,0,5,3,5,3,5,2,0,0,1,2,5,5,1,2,0,0,8,4,2,1,4,2,0,0,5,4,9,3,7,6,0,0,7,6,6,3,2,2,6,6,0,0,0,0,0,0,3,0,0,0,0,0,0,0,5,6,0,0,0,0,0,0,7,6,0,0,0,0,0,0,5,6,0,0,0,0,0,0,2,1,0,0,0,0,0,0,1,1,0,0,0,0,0,0,4,3,0,0,0,0,0,0,5,1,0,0,0,0,0,0,1,2,0,0,0,0,0,0,0,1,0,0,0,0,0,0,5,2,0,0,0,0,0,0,10,6,0,0,0,0,0,0,7,4,0,0,0,0,0,0,3,0,0,0,0,0,0,0,4,2,0,0,0,0,0,0,4,4,0,0,0,0,0,0
31B,0,0,19,14,22,9,10,11,0,0,8,7,5,5,11,7,0,0,11,9,12,7,3,8,0,0,7,4,15,7,11,11,0,0,12,12,18,14,13,7,0,0,11,9,17,6,13,12,0,0,15,8,12,7,9,7,0,0,10,12,13,7,6,9,0,0,10,9,13,8,7,7,0,0,10,11,13,16,12,5,0,0,7,9,16,12,17,14,0,0,12,8,14,8,22,9,17,11,0,0,0,0,0,0,11,5,0,0,0,0,0,0,16,10,0,1,0,0,0,0,18,8,0,0,0,0,0,0,17,9,0,0,0,0,0,0,11,4,0,0,0,0,0,0,3,0,0,0,0,0,0,0,13,4,0,0,0,0,0,0,7,2,0,0,0,0,0,0,5,1,0,0,0,0,0,0,0,2,0,0,0,0,0,0,5,8,0,0,0,0,0,0,22,20,0,0,0,0,0,0,11,1,0,0,0,0,0,0,2,5,0,0,0,0,0,0,8,2,0,0,0,0,0,0,8,11,0,0,0,0,0,0
31C,0,0,5,9,7,9,14,4,0,0,15,8,9,13,12,5,0,0,15,6,9,12,3,9,0,0,10,5,12,14,13,12,0,0,13,18,9,13,18,8,0,0,11,10,7,9,6,6,0,1,10,6,4,6,10,7,0,0,13,8,12,9,14,11,0,0,12,14,7,11,2,7,0,0,11,7,6,11,7,1,0,0,11,5,6,12,16,11,0,0,9,13,11,14,11,7,20,15,0,0,0,0,0,0,10,8,0,0,0,0,0,0,13,8,0,0,0,0,0,0,16,13,0,0,0,0,0,0,8,7,0,0,0,0,0,0,3,8,0,0,0,0,0,0,5,0,0,0,0,0,0,0,4,4,0,0,0,0,0,0,4,6,0,0,0,0,0,0,1,1,0,0,0,0,0,0,0,0,0,0,0,0,0,0,9,13,0,0,0,0,0,0,24,15,0,0,0,0,0,0,6,4,0,0,0,0,0,1,4,3,0,0,0,0,0,0,5,5,0,0,0,0,0,0,5,5,0,0,0,0,0,0
31D,0,0,13,16,12,10,16,9,0,0,13,10,16,13,11,9,0,0,12,14,14,9,11,9,0,0,8,15,13,11,15,6,0,0,10,9,15,13,23,11,0,0,10,9,12,13,11,9,0,0,7,16,17,6,13,9,0,0,11,9,8,9,14,6,0,0,9,11,7,12,3,8,0,0,11,7,14,10,12,9,0,0,18,11,16,14,9,17,0,0,13,8,15,6,8,12,25,16,0,0,0,0,0,0,7,10,0,0,0,0,0,0,16,12,0,0,0,0,0,0,22,12,0,0,0,0,0,0,16,17,0,0,0,1,0,0,4,4,0,0,0,0,0,0,1,2,0,0,0,0,0,1,10,11,0,0,0,0,0,0,2,7,0,0,0,0,0,0,6,3,0,0,0,0,0,0,1,1,0,0,0,0,0,0,13,9,0,0,0,0,0,0,26,21,0,0,0,0,1,0,12,9,0,0,0,0,0,0,4,1,0,0,0,0,0,0,5,4,0,0,0,0,0,0,7,7,0,0,0,0,0,0
31E,0,0,8,8,6,6,7,10,0,0,5,5,6,11,3,5,0,0,6,4,5,3,4,4,0,0,3,5,6,5,6,5,0,0,5,5,4,4,3,8,0,0,4,6,4,8,2,13,0,0,5,11,7,7,4,7,0,0,4,3,6,5,4,5,0,0,5,7,8,6,2,6,0,0,10,7,1,2,3,6,0,0,5,8,5,5,10,5,0,0,3,12,8,4,7,5,5,11,0,0,0,0,0,0,0,6,0,0,0,0,0,0,5,5,0,0,0,0,0,0,6,1,0,0,0,0,0,0,4,8,0,0,0,0,0,0,3,3,0,0,0,0,0,0,0,1,0,0,0,0,0,0,3,7,0,0,0,0,0,0,1,2,0,0,0,0,0,0,0,5,0,0,0,0,0,0,1,1,0,0,0,0,0,0,2,7,0,0,0,0,0,0,5,7,0,0,0,0,0,0,4,3,0,0,0,0,0,0,0,2,0,0,0,0,0,0,1,2,0,0,0,0,0,0,4,3,1,0,0,0,0,0
